label	n_specific_sites	n_minor_supported_sites	minor_median_af	minor_mean_af	minor_supported_sites	minor_supported_mutations	minor_supported_alt_dp	minor_supported_total_dp	passes_minor_rule
Delta	29	5	0.232428	0.22327144	['22227:C', '22813:G', '25469:C', '28461:A', '29402:G']	['22227:C>T', '22813:G>T', '25469:C>T', '28461:A>G', '29402:G>T']	[31592.0, 10555.0, 41857.0, 105603.0, 22055.0]	[83755.0, 85664.0, 180086.0, 364618.0, 234892.0]	True
Omicron	89	4	0.142337	0.134709775	['10449:C', '22992:G', '23013:A', '23948:G']	['10449:C>A', '22992:G>A', '23013:A>C', '23948:G>T']	[15685.0, 15079.0, 9978.0, 4093.0]	[108442.0, 107681.0, 59720.0, 47000.0]	True
Alpha	21	2	0.216221	0.216221	['23709:C', '27972:C']	['23709:C>T', '27972:C>T']	[30895.0, 26498.0]	[123225.0, 145816.0]	False
XBB.1	3	1	0.377195	0.377195	['22813:G']	['22813:G>T']	[31592.0]	[83755.0]	False
Kappa	7	1	0.289626	0.289626	['25469:C']	['25469:C>T']	[105603.0]	[364618.0]	False
Iota	18	1	0.14464	0.14464	['22992:G']	['22992:G>A']	[15685.0]	[108442.0]	False
B.1.617.3	12	1	0.0938942	0.0938942	['29402:G']	['29402:G>T']	[22055.0]	[234892.0]	False
A.23.1	12	0	0.0	0.0	[]	[]	[]	[]	False
AV.1	10	0	0.0	0.0	[]	[]	[]	[]	False
B.1.1.318	19	0	0.0	0.0	[]	[]	[]	[]	False
Beta	12	0	0.0	0.0	[]	[]	[]	[]	False
Epsilon	14	0	0.0	0.0	[]	[]	[]	[]	False
Eta	16	0	0.0	0.0	[]	[]	[]	[]	False
Gamma	14	0	0.0	0.0	[]	[]	[]	[]	False
Mu	21	0	0.0	0.0	[]	[]	[]	[]	False
Theta	14	0	0.0	0.0	[]	[]	[]	[]	False
XBB	13	0	0.0	0.0	[]	[]	[]	[]	False
XBB-parent1	6	0	0.0	0.0	[]	[]	[]	[]	False
XBB-parent2	1	0	0.0	0.0	[]	[]	[]	[]	False
XBB.1.16	5	0	0.0	0.0	[]	[]	[]	[]	False
XBB.1.5	4	0	0.0	0.0	[]	[]	[]	[]	False
XE	3	0	0.0	0.0	[]	[]	[]	[]	False
XE-parent1	4	0	0.0	0.0	[]	[]	[]	[]	False
XE-parent2	19	0	0.0	0.0	[]	[]	[]	[]	False
Zeta	6	0	0.0	0.0	[]	[]	[]	[]	False
