label	n_specific_sites	n_minor_supported_sites	minor_median_af	minor_mean_af	minor_supported_sites	minor_supported_mutations	minor_supported_alt_dp	minor_supported_total_dp	passes_minor_rule
Delta	32	8	0.23303449999999998	0.255471625	['22227:C', '22813:G', '22995:C', '24410:G', '25469:C', '27638:T', '28461:A', '29402:G']	['22227:C>T', '22813:G>T', '22995:C>A', '24410:G>A', '25469:C>T', '27638:T>C', '28461:A>G', '29402:G>T']	[1126.0, 1959.0, 5813.0, 2542.0, 4519.0, 15309.0, 8598.0, 2233.0]	[4948.0, 14930.0, 15320.0, 6871.0, 22948.0, 38524.0, 36050.0, 21726.0]	True
Omicron	91	6	0.1493855	0.17844936666666666	['10449:C', '22992:G', '22995:C', '23013:A', '23948:G', '28311:C']	['10449:C>A', '22992:G>A', '22995:C>A', '23013:A>C', '23948:G>T', '28311:C>T']	[2542.0, 4968.0, 735.0, 753.0, 1681.0, 562.0]	[6871.0, 24137.0, 6878.0, 6864.0, 8891.0, 6295.0]	True
B.1.617.3	12	3	0.379439	0.29320266666666667	['24410:G', '27638:T', '29402:G']	['24410:G>A', '27638:T>C', '29402:G>T']	[2233.0, 5813.0, 15309.0]	[21726.0, 15320.0, 38524.0]	False
Kappa	7	2	0.3179455	0.3179455	['25469:C', '27638:T']	['25469:C>T', '27638:T>C']	[15309.0, 8598.0]	[38524.0, 36050.0]	False
Alpha	21	2	0.2458015	0.2458015	['23709:C', '27972:C']	['23709:C>T', '27972:C>T']	[4568.0, 5000.0]	[17146.0, 22204.0]	False
Iota	21	2	0.1563435	0.1563435	['22992:G', '28311:C']	['22992:G>A', '28311:C>T']	[4968.0, 735.0]	[24137.0, 6878.0]	False
Mu	23	1	0.379439	0.379439	['24410:G']	['24410:G>A']	[5813.0]	[15320.0]	False
XBB.1	3	1	0.227567	0.227567	['22813:G']	['22813:G>T']	[1126.0]	[4948.0]	False
Lambda	14	1	0.205825	0.205825	['28311:C']	['28311:C>T']	[4968.0]	[24137.0]	False
A.23.1	11	0	0.0	0.0	[]	[]	[]	[]	False
AV.1	10	0	0.0	0.0	[]	[]	[]	[]	False
B.1.1.318	18	0	0.0	0.0	[]	[]	[]	[]	False
Beta	11	0	0.0	0.0	[]	[]	[]	[]	False
Epsilon	14	0	0.0	0.0	[]	[]	[]	[]	False
Eta	17	0	0.0	0.0	[]	[]	[]	[]	False
Theta	15	0	0.0	0.0	[]	[]	[]	[]	False
XBB	14	0	0.0	0.0	[]	[]	[]	[]	False
XBB-parent1	6	0	0.0	0.0	[]	[]	[]	[]	False
XBB-parent2	1	0	0.0	0.0	[]	[]	[]	[]	False
XBB.1.16	5	0	0.0	0.0	[]	[]	[]	[]	False
XBB.1.5	4	0	0.0	0.0	[]	[]	[]	[]	False
XE	3	0	0.0	0.0	[]	[]	[]	[]	False
XE-parent1	4	0	0.0	0.0	[]	[]	[]	[]	False
XE-parent2	19	0	0.0	0.0	[]	[]	[]	[]	False
Zeta	6	0	0.0	0.0	[]	[]	[]	[]	False
