label	n_specific_sites	n_minor_supported_sites	minor_median_af	minor_mean_af	minor_supported_sites	minor_supported_mutations	minor_supported_alt_dp	minor_supported_total_dp	passes_minor_rule
Omicron	91	6	0.133817	0.1607603333333333	['11537:A', '22992:G', '22995:C', '23013:A', '23948:G', '28311:C']	['11537:A>G', '22992:G>A', '22995:C>A', '23013:A>C', '23948:G>T', '28311:C>T']	[5610.0, 6153.0, 1658.0, 1655.0, 2980.0, 2159.0]	[18508.0, 28616.0, 18548.0, 18511.0, 19470.0, 18843.0]	True
Delta	32	5	0.196815	0.21171979999999996	['22227:C', '22813:G', '22995:C', '25469:C', '28461:A']	['22227:C>T', '22813:G>T', '22995:C>A', '25469:C>T', '28461:A>G']	[2484.0, 3411.0, 5610.0, 5868.0, 11313.0]	[12621.0, 21037.0, 18508.0, 42718.0, 43652.0]	True
Alpha	21	2	0.2341115	0.2341115	['23709:C', '27972:C']	['23709:C>T', '27972:C>T']	[7679.0, 11479.0]	[33227.0, 48411.0]	False
Iota	21	2	0.15220485	0.15220485	['22992:G', '28311:C']	['22992:G>A', '28311:C>T']	[6153.0, 1658.0]	[28616.0, 18548.0]	False
Kappa	7	1	0.259163	0.259163	['25469:C']	['25469:C>T']	[11313.0]	[43652.0]	False
Lambda	14	1	0.21502	0.21502	['28311:C']	['28311:C>T']	[6153.0]	[28616.0]	False
XBB.1	3	1	0.196815	0.196815	['22813:G']	['22813:G>T']	[2484.0]	[12621.0]	False
A.23.1	11	0	0.0	0.0	[]	[]	[]	[]	False
AV.1	10	0	0.0	0.0	[]	[]	[]	[]	False
B.1.1.318	18	0	0.0	0.0	[]	[]	[]	[]	False
B.1.617.3	12	0	0.0	0.0	[]	[]	[]	[]	False
Beta	11	0	0.0	0.0	[]	[]	[]	[]	False
Epsilon	14	0	0.0	0.0	[]	[]	[]	[]	False
Eta	17	0	0.0	0.0	[]	[]	[]	[]	False
Mu	23	0	0.0	0.0	[]	[]	[]	[]	False
Theta	15	0	0.0	0.0	[]	[]	[]	[]	False
XBB	14	0	0.0	0.0	[]	[]	[]	[]	False
XBB-parent1	6	0	0.0	0.0	[]	[]	[]	[]	False
XBB-parent2	1	0	0.0	0.0	[]	[]	[]	[]	False
XBB.1.16	5	0	0.0	0.0	[]	[]	[]	[]	False
XBB.1.5	4	0	0.0	0.0	[]	[]	[]	[]	False
XE	3	0	0.0	0.0	[]	[]	[]	[]	False
XE-parent1	4	0	0.0	0.0	[]	[]	[]	[]	False
XE-parent2	19	0	0.0	0.0	[]	[]	[]	[]	False
Zeta	6	0	0.0	0.0	[]	[]	[]	[]	False
