label	n_specific_sites	n_minor_supported_sites	minor_median_af	minor_mean_af	minor_supported_sites	minor_supported_mutations	minor_supported_alt_dp	minor_supported_total_dp	passes_minor_rule
Delta	32	5	0.206545	0.21517222	['22227:C', '22813:G', '25469:C', '28461:A', '29402:G']	['22227:C>T', '22813:G>T', '25469:C>T', '28461:A>G', '29402:G>T']	[27180.0, 8064.0, 27618.0, 77695.0, 9007.0]	[74925.0, 59185.0, 133714.0, 267791.0, 112350.0]	True
Omicron	90	5	0.135147	0.13394979999999998	['10449:C', '22992:G', '23013:A', '23948:G', '28311:C']	['10449:C>A', '22992:G>A', '23013:A>C', '23948:G>T', '28311:C>T']	[19460.0, 13860.0, 13386.0, 10820.0, 3966.0]	[126182.0, 102555.0, 101963.0, 67010.0, 45259.0]	True
Alpha	21	2	0.206894	0.206894	['23709:C', '27972:C']	['23709:C>T', '27972:C>T']	[24677.0, 27278.0]	[106222.0, 150314.0]	False
Iota	18	2	0.1446845	0.1446845	['22992:G', '28311:C']	['22992:G>A', '28311:C>T']	[13860.0, 19460.0]	[102555.0, 126182.0]	False
XBB.1	3	1	0.362763	0.362763	['22813:G']	['22813:G>T']	[27180.0]	[74925.0]	False
Kappa	7	1	0.290133	0.290133	['25469:C']	['25469:C>T']	[77695.0]	[267791.0]	False
Lambda	14	1	0.154222	0.154222	['28311:C']	['28311:C>T']	[19460.0]	[126182.0]	False
B.1.617.3	12	1	0.0801691	0.0801691	['29402:G']	['29402:G>T']	[9007.0]	[112350.0]	False
A.23.1	12	0	0.0	0.0	[]	[]	[]	[]	False
AV.1	10	0	0.0	0.0	[]	[]	[]	[]	False
B.1.1.318	19	0	0.0	0.0	[]	[]	[]	[]	False
Beta	9	0	0.0	0.0	[]	[]	[]	[]	False
Eta	17	0	0.0	0.0	[]	[]	[]	[]	False
Gamma	14	0	0.0	0.0	[]	[]	[]	[]	False
Mu	19	0	0.0	0.0	[]	[]	[]	[]	False
Theta	15	0	0.0	0.0	[]	[]	[]	[]	False
XBB	14	0	0.0	0.0	[]	[]	[]	[]	False
XBB-parent1	6	0	0.0	0.0	[]	[]	[]	[]	False
XBB-parent2	1	0	0.0	0.0	[]	[]	[]	[]	False
XBB.1.16	5	0	0.0	0.0	[]	[]	[]	[]	False
XBB.1.5	4	0	0.0	0.0	[]	[]	[]	[]	False
XE	3	0	0.0	0.0	[]	[]	[]	[]	False
XE-parent1	4	0	0.0	0.0	[]	[]	[]	[]	False
XE-parent2	19	0	0.0	0.0	[]	[]	[]	[]	False
Zeta	6	0	0.0	0.0	[]	[]	[]	[]	False
