label	n_specific_sites	n_minor_supported_sites	minor_median_af	minor_mean_af	minor_supported_sites	minor_supported_mutations	minor_supported_alt_dp	minor_supported_total_dp	passes_minor_rule
Delta	32	7	0.256959	0.2791215714285714	['22227:C', '22813:G', '22995:C', '24410:G', '25469:C', '27638:T', '28461:A']	['22227:C>T', '22813:G>T', '22995:C>A', '24410:G>A', '25469:C>T', '27638:T>C', '28461:A>G']	[5132.0, 6860.0, 27203.0, 12389.0, 13185.0, 71231.0, 31598.0]	[22603.0, 45730.0, 69961.0, 34075.0, 76161.0, 180652.0, 122969.0]	True
Omicron	91	5	0.162516	0.18653799999999998	['22992:G', '22995:C', '23013:A', '23948:G', '28311:C']	['22992:G>A', '22995:C>A', '23013:A>C', '23948:G>T', '28311:C>T']	[12389.0, 15092.0, 3656.0, 3677.0, 5991.0]	[34075.0, 78875.0, 34108.0, 34026.0, 36864.0]	True
B.1.617.3	12	2	0.3915655	0.3915655	['24410:G', '27638:T']	['24410:G>A', '27638:T>C']	[27203.0, 71231.0]	[69961.0, 180652.0]	False
Kappa	7	2	0.3256295	0.3256295	['25469:C', '27638:T']	['25469:C>T', '27638:T>C']	[71231.0, 31598.0]	[180652.0, 122969.0]	False
Alpha	21	2	0.226306	0.226306	['23709:C', '27972:C']	['23709:C>T', '27972:C>T']	[17458.0, 23023.0]	[77126.0, 101757.0]	False
Iota	21	2	0.149265	0.149265	['22992:G', '28311:C']	['22992:G>A', '28311:C>T']	[15092.0, 3656.0]	[78875.0, 34108.0]	False
Mu	23	1	0.388831	0.388831	['24410:G']	['24410:G>A']	[27203.0]	[69961.0]	False
XBB.1	3	1	0.22705	0.22705	['22813:G']	['22813:G>T']	[5132.0]	[22603.0]	False
Lambda	14	1	0.191341	0.191341	['28311:C']	['28311:C>T']	[15092.0]	[78875.0]	False
A.23.1	11	0	0.0	0.0	[]	[]	[]	[]	False
AV.1	10	0	0.0	0.0	[]	[]	[]	[]	False
B.1.1.318	18	0	0.0	0.0	[]	[]	[]	[]	False
Beta	11	0	0.0	0.0	[]	[]	[]	[]	False
Epsilon	14	0	0.0	0.0	[]	[]	[]	[]	False
Eta	17	0	0.0	0.0	[]	[]	[]	[]	False
Theta	15	0	0.0	0.0	[]	[]	[]	[]	False
XBB	14	0	0.0	0.0	[]	[]	[]	[]	False
XBB-parent1	6	0	0.0	0.0	[]	[]	[]	[]	False
XBB-parent2	1	0	0.0	0.0	[]	[]	[]	[]	False
XBB.1.16	5	0	0.0	0.0	[]	[]	[]	[]	False
XBB.1.5	4	0	0.0	0.0	[]	[]	[]	[]	False
XE	3	0	0.0	0.0	[]	[]	[]	[]	False
XE-parent1	4	0	0.0	0.0	[]	[]	[]	[]	False
XE-parent2	19	0	0.0	0.0	[]	[]	[]	[]	False
Zeta	6	0	0.0	0.0	[]	[]	[]	[]	False
