label	n_defining_sites	n_major_supported_sites	frac_major_supported_sites	major_supported_sites	major_supported_mutations
Epsilon	14	8	0.5714285714285714	['1059:C', '22018:G', '241:C', '25563:G', '26681:C', '28272:A', '28887:C', '3037:C']	['1059:C>T', '22018:G>T', '241:C>T', '25563:G>T', '26681:C>T', '28272:A>T', '28887:C>T', '3037:C>T']
Mu	23	5	0.21739130434782608	['14408:C', '25563:G', '28272:A', '28887:C', '3037:C']	['14408:C>T', '25563:G>T', '28272:A>T', '28887:C>T', '3037:C>T']
Iota	21	4	0.19047619047619047	['1059:C', '14408:C', '25563:G', '3037:C']	['1059:C>T', '14408:C>T', '25563:G>T', '3037:C>T']
Beta	12	3	0.25	['1059:C', '25563:G', '28887:C']	['1059:C>T', '25563:G>T', '28887:C>T']
Lambda	14	1	0.07142857142857142	['14408:C']	['14408:C>T']
Eta	17	1	0.058823529411764705	['14408:C']	['14408:C>T']
Delta	32	1	0.03125	['14408:C']	['14408:C>T']
Omicron	91	1	0.01098901098901099	['3037:C']	['3037:C>T']
Alpha	21	0	0.0	[]	[]
B.1.1.318	19	0	0.0	[]	[]
XE-parent2	19	0	0.0	[]	[]
Theta	15	0	0.0	[]	[]
Gamma	14	0	0.0	[]	[]
XBB	14	0	0.0	[]	[]
A.23.1	12	0	0.0	[]	[]
B.1.617.3	12	0	0.0	[]	[]
AV.1	10	0	0.0	[]	[]
Kappa	7	0	0.0	[]	[]
XBB-parent1	6	0	0.0	[]	[]
Zeta	6	0	0.0	[]	[]
XBB.1.16	5	0	0.0	[]	[]
XBB.1.5	4	0	0.0	[]	[]
XE-parent1	4	0	0.0	[]	[]
XBB.1	3	0	0.0	[]	[]
XE	3	0	0.0	[]	[]
XBB-parent2	1	0	0.0	[]	[]
