label	n_specific_sites	n_minor_supported_sites	minor_median_af	minor_mean_af	minor_supported_sites	minor_supported_mutations	minor_supported_alt_dp	minor_supported_total_dp	passes_minor_rule
Delta	32	6	0.2434845	0.25468915	['22227:C', '22813:G', '22995:C', '24410:G', '25469:C', '28461:A']	['22227:C>T', '22813:G>T', '22995:C>A', '24410:G>A', '25469:C>T', '28461:A>G']	[4481.0, 4367.0, 14801.0, 5938.0, 15680.0, 16151.0]	[16893.0, 43794.0, 37381.0, 16877.0, 80967.0, 72847.0]	True
Omicron	91	5	0.170891	0.1892732	['22992:G', '22995:C', '23013:A', '23948:G', '28311:C']	['22992:G>A', '22995:C>A', '23013:A>C', '23948:G>T', '28311:C>T']	[5938.0, 15163.0, 1701.0, 1695.0, 3054.0]	[16877.0, 68089.0, 16917.0, 16884.0, 17871.0]	True
Alpha	21	2	0.239273	0.239273	['23709:C', '27972:C']	['23709:C>T', '27972:C>T']	[9335.0, 11800.0]	[40151.0, 47958.0]	False
Iota	21	2	0.161622	0.161622	['22992:G', '28311:C']	['22992:G>A', '28311:C>T']	[15163.0, 1701.0]	[68089.0, 16917.0]	False
B.1.617.3	12	1	0.39595	0.39595	['24410:G']	['24410:G>A']	[14801.0]	[37381.0]	False
Mu	23	1	0.39595	0.39595	['24410:G']	['24410:G>A']	[14801.0]	[37381.0]	False
XBB.1	3	1	0.265258	0.265258	['22813:G']	['22813:G>T']	[4481.0]	[16893.0]	False
Lambda	14	1	0.222694	0.222694	['28311:C']	['28311:C>T']	[15163.0]	[68089.0]	False
Kappa	7	1	0.221711	0.221711	['25469:C']	['25469:C>T']	[16151.0]	[72847.0]	False
A.23.1	11	0	0.0	0.0	[]	[]	[]	[]	False
AV.1	10	0	0.0	0.0	[]	[]	[]	[]	False
B.1.1.318	18	0	0.0	0.0	[]	[]	[]	[]	False
Beta	11	0	0.0	0.0	[]	[]	[]	[]	False
Epsilon	14	0	0.0	0.0	[]	[]	[]	[]	False
Eta	17	0	0.0	0.0	[]	[]	[]	[]	False
Theta	15	0	0.0	0.0	[]	[]	[]	[]	False
XBB	14	0	0.0	0.0	[]	[]	[]	[]	False
XBB-parent1	6	0	0.0	0.0	[]	[]	[]	[]	False
XBB-parent2	1	0	0.0	0.0	[]	[]	[]	[]	False
XBB.1.16	5	0	0.0	0.0	[]	[]	[]	[]	False
XBB.1.5	4	0	0.0	0.0	[]	[]	[]	[]	False
XE	3	0	0.0	0.0	[]	[]	[]	[]	False
XE-parent1	4	0	0.0	0.0	[]	[]	[]	[]	False
XE-parent2	19	0	0.0	0.0	[]	[]	[]	[]	False
Zeta	6	0	0.0	0.0	[]	[]	[]	[]	False
