label	n_specific_sites	n_minor_supported_sites	minor_median_af	minor_mean_af	minor_supported_sites	minor_supported_mutations	minor_supported_alt_dp	minor_supported_total_dp	passes_minor_rule
Gamma	14	6	0.1071825	0.11301298333333332	['12778:C', '21621:C', '22812:A', '28512:C', '5648:A', '733:T']	['12778:C>T', '21621:C>A', '22812:A>C', '28512:C>G', '5648:A>C', '733:T>C']	[25859.0, 1754.0, 3588.0, 301.0, 7119.0, 3882.0]	[237700.0, 18386.0, 31932.0, 2851.0, 41294.0, 46462.0]	True
Delta	28	4	0.2333595	0.211426375	['22227:C', '25469:C', '28461:A', '29402:G']	['22227:C>T', '25469:C>T', '28461:A>G', '29402:G>T']	[15122.0, 16122.0, 87238.0, 21282.0]	[54809.0, 84490.0, 297078.0, 249401.0]	True
Alpha	20	2	0.20318	0.20318	['23709:C', '27972:C']	['23709:C>T', '27972:C>T']	[32828.0, 32109.0]	[144911.0, 178561.0]	False
XBB.1	3	1	0.327233	0.327233	['22786:A']	['22786:A>C']	[4524.0]	[13825.0]	False
XE-parent2	1	1	0.327233	0.327233	['22786:A']	['22786:A>C']	[4524.0]	[13825.0]	False
Kappa	7	1	0.293654	0.293654	['25469:C']	['25469:C>T']	[87238.0]	[297078.0]	False
Theta	15	1	0.0943325	0.0943325	['25088:G']	['25088:G>T']	[7019.0]	[74407.0]	False
B.1.617.3	12	1	0.0853325	0.0853325	['29402:G']	['29402:G>T']	[21282.0]	[249401.0]	False
A.23.1	12	0	0.0	0.0	[]	[]	[]	[]	False
AV.1	7	0	0.0	0.0	[]	[]	[]	[]	False
B.1.1.318	16	0	0.0	0.0	[]	[]	[]	[]	False
Beta	12	0	0.0	0.0	[]	[]	[]	[]	False
Epsilon	13	0	0.0	0.0	[]	[]	[]	[]	False
Eta	17	0	0.0	0.0	[]	[]	[]	[]	False
Iota	16	0	0.0	0.0	[]	[]	[]	[]	False
Lambda	12	0	0.0	0.0	[]	[]	[]	[]	False
Mu	20	0	0.0	0.0	[]	[]	[]	[]	False
XBB	13	0	0.0	0.0	[]	[]	[]	[]	False
XBB-parent1	4	0	0.0	0.0	[]	[]	[]	[]	False
XBB-parent2	1	0	0.0	0.0	[]	[]	[]	[]	False
XBB.1.16	5	0	0.0	0.0	[]	[]	[]	[]	False
XBB.1.5	3	0	0.0	0.0	[]	[]	[]	[]	False
XE	2	0	0.0	0.0	[]	[]	[]	[]	False
XE-parent1	0	0	0.0	0.0	[]	[]	[]	[]	False
Zeta	6	0	0.0	0.0	[]	[]	[]	[]	False
