label	n_specific_sites	n_minor_supported_sites	minor_median_af	minor_mean_af	minor_supported_sites	minor_supported_mutations	minor_supported_alt_dp	minor_supported_total_dp	passes_minor_rule
Delta	29	5	0.239686	0.251443	['22227:C', '22813:G', '24410:G', '25469:C', '28461:A']	['22227:C>T', '22813:G>T', '24410:G>A', '25469:C>T', '28461:A>G']	[10781.0, 2386.0, 21032.0, 10616.0, 13432.0]	[29951.0, 19952.0, 53568.0, 73030.0, 56040.0]	True
Omicron	89	5	0.145843	0.12558822	['11537:A', '22992:G', '23013:A', '23525:C', '23948:G']	['11537:A>G', '22992:G>A', '23013:A>C', '23525:C>T', '23948:G>T']	[806.0, 6190.0, 6252.0, 3360.0, 2292.0]	[8194.0, 42443.0, 42313.0, 23026.0, 25451.0]	True
Alpha	21	2	0.214313	0.214313	['23709:C', '27972:C']	['23709:C>T', '27972:C>T']	[10293.0, 12962.0]	[45079.0, 64715.0]	False
B.1.617.3	12	1	0.392622	0.392622	['24410:G']	['24410:G>A']	[21032.0]	[53568.0]	False
Mu	21	1	0.392622	0.392622	['24410:G']	['24410:G>A']	[21032.0]	[53568.0]	False
XBB.1	3	1	0.359955	0.359955	['22813:G']	['22813:G>T']	[10781.0]	[29951.0]	False
Kappa	7	1	0.239686	0.239686	['25469:C']	['25469:C>T']	[13432.0]	[56040.0]	False
Iota	18	1	0.145843	0.145843	['22992:G']	['22992:G>A']	[6190.0]	[42443.0]	False
A.23.1	12	0	0.0	0.0	[]	[]	[]	[]	False
AV.1	10	0	0.0	0.0	[]	[]	[]	[]	False
B.1.1.318	19	0	0.0	0.0	[]	[]	[]	[]	False
Beta	12	0	0.0	0.0	[]	[]	[]	[]	False
Epsilon	14	0	0.0	0.0	[]	[]	[]	[]	False
Eta	16	0	0.0	0.0	[]	[]	[]	[]	False
Gamma	14	0	0.0	0.0	[]	[]	[]	[]	False
Theta	14	0	0.0	0.0	[]	[]	[]	[]	False
XBB	13	0	0.0	0.0	[]	[]	[]	[]	False
XBB-parent1	6	0	0.0	0.0	[]	[]	[]	[]	False
XBB-parent2	1	0	0.0	0.0	[]	[]	[]	[]	False
XBB.1.16	5	0	0.0	0.0	[]	[]	[]	[]	False
XBB.1.5	4	0	0.0	0.0	[]	[]	[]	[]	False
XE	3	0	0.0	0.0	[]	[]	[]	[]	False
XE-parent1	4	0	0.0	0.0	[]	[]	[]	[]	False
XE-parent2	19	0	0.0	0.0	[]	[]	[]	[]	False
Zeta	6	0	0.0	0.0	[]	[]	[]	[]	False
