label	n_specific_sites	n_minor_supported_sites	minor_median_af	minor_mean_af	minor_supported_sites	minor_supported_mutations	minor_supported_alt_dp	minor_supported_total_dp	passes_minor_rule
Delta	29	6	0.25546199999999997	0.24762833333333334	['22227:C', '22813:G', '24410:G', '25469:C', '28461:A', '29402:G']	['22227:C>T', '22813:G>T', '24410:G>A', '25469:C>T', '28461:A>G', '29402:G>T']	[20902.0, 7544.0, 29708.0, 24219.0, 52306.0, 8586.0]	[53889.0, 64434.0, 76418.0, 107743.0, 182799.0, 105821.0]	True
Omicron	89	4	0.1325305	0.12956145	['10449:C', '22992:G', '23013:A', '23948:G']	['10449:C>A', '22992:G>A', '23013:A>C', '23948:G>T']	[8481.0, 8376.0, 6643.0, 2185.0]	[63785.0, 63407.0, 39297.0, 25969.0]	True
Alpha	21	2	0.238701	0.238701	['23709:C', '27972:C']	['23709:C>T', '27972:C>T']	[19995.0, 18833.0]	[73202.0, 92204.0]	False
B.1.617.3	12	2	0.23494700000000002	0.23494700000000002	['24410:G', '29402:G']	['24410:G>A', '29402:G>T']	[8586.0, 29708.0]	[105821.0, 76418.0]	False
Mu	21	1	0.388757	0.388757	['24410:G']	['24410:G>A']	[29708.0]	[76418.0]	False
XBB.1	3	1	0.387871	0.387871	['22813:G']	['22813:G>T']	[20902.0]	[53889.0]	False
Kappa	7	1	0.286139	0.286139	['25469:C']	['25469:C>T']	[52306.0]	[182799.0]	False
Iota	18	1	0.132962	0.132962	['22992:G']	['22992:G>A']	[8481.0]	[63785.0]	False
A.23.1	12	0	0.0	0.0	[]	[]	[]	[]	False
AV.1	10	0	0.0	0.0	[]	[]	[]	[]	False
B.1.1.318	19	0	0.0	0.0	[]	[]	[]	[]	False
Beta	12	0	0.0	0.0	[]	[]	[]	[]	False
Epsilon	14	0	0.0	0.0	[]	[]	[]	[]	False
Eta	16	0	0.0	0.0	[]	[]	[]	[]	False
Gamma	14	0	0.0	0.0	[]	[]	[]	[]	False
Theta	14	0	0.0	0.0	[]	[]	[]	[]	False
XBB	13	0	0.0	0.0	[]	[]	[]	[]	False
XBB-parent1	6	0	0.0	0.0	[]	[]	[]	[]	False
XBB-parent2	1	0	0.0	0.0	[]	[]	[]	[]	False
XBB.1.16	5	0	0.0	0.0	[]	[]	[]	[]	False
XBB.1.5	4	0	0.0	0.0	[]	[]	[]	[]	False
XE	3	0	0.0	0.0	[]	[]	[]	[]	False
XE-parent1	4	0	0.0	0.0	[]	[]	[]	[]	False
XE-parent2	19	0	0.0	0.0	[]	[]	[]	[]	False
Zeta	6	0	0.0	0.0	[]	[]	[]	[]	False
