label	n_specific_sites	n_minor_supported_sites	minor_median_af	minor_mean_af	minor_supported_sites	minor_supported_mutations	minor_supported_alt_dp	minor_supported_total_dp	passes_minor_rule
Lambda	12	9	0.112871	0.11628871111111111	['10097:G', '21786:G', '21789:C', '23031:T', '24138:C', '4002:C', '7124:C', '7424:T', '9867:T']	['10097:G>A', '21786:G>T', '21789:C>T', '23031:T>C', '24138:C>A', '4002:C>T', '7124:C>T', '7424:T>G', '9867:T>C']	[1991.0, 7115.0, 19901.0, 3087.0, 2654.0, 7541.0, 12156.0, 16322.0, 12023.0]	[24751.0, 88814.0, 152048.0, 23755.0, 16513.0, 66811.0, 117352.0, 112700.0, 116500.0]	True
Delta	28	6	0.1599715	0.18912188333333332	['22227:C', '25469:C', '27638:T', '28461:A', '29402:G', '7124:C']	['22227:C>T', '25469:C>T', '27638:T>C', '28461:A>G', '29402:G>T', '7124:C>T']	[45735.0, 7115.0, 29733.0, 126486.0, 173782.0, 55275.0]	[337892.0, 88814.0, 161077.0, 366780.0, 584251.0, 598356.0]	True
Kappa	7	2	0.3211495	0.3211495	['25469:C', '27638:T']	['25469:C>T', '27638:T>C']	[126486.0, 173782.0]	[366780.0, 584251.0]	False
B.1.617.3	12	2	0.21861655000000002	0.21861655000000002	['27638:T', '29402:G']	['27638:T>C', '29402:G>T']	[55275.0, 126486.0]	[598356.0, 366780.0]	False
Alpha	20	2	0.2007575	0.2007575	['23709:C', '27972:C']	['23709:C>T', '27972:C>T']	[69995.0, 50367.0]	[312317.0, 283917.0]	False
XBB.1	3	1	0.273783	0.273783	['22786:A']	['22786:A>C']	[8300.0]	[30316.0]	False
XE-parent2	1	1	0.273783	0.273783	['22786:A']	['22786:A>C']	[8300.0]	[30316.0]	False
XBB	13	1	0.130886	0.130886	['23031:T']	['23031:T>C']	[19901.0]	[152048.0]	False
Iota	16	1	0.112871	0.112871	['9867:T']	['9867:T>C']	[7541.0]	[66811.0]	False
Theta	15	1	0.112871	0.112871	['9867:T']	['9867:T>C']	[7541.0]	[66811.0]	False
Epsilon	13	1	0.0822514	0.0822514	['26681:C']	['26681:C>T']	[12860.0]	[156350.0]	False
A.23.1	12	0	0.0	0.0	[]	[]	[]	[]	False
AV.1	7	0	0.0	0.0	[]	[]	[]	[]	False
B.1.1.318	16	0	0.0	0.0	[]	[]	[]	[]	False
Beta	12	0	0.0	0.0	[]	[]	[]	[]	False
Eta	17	0	0.0	0.0	[]	[]	[]	[]	False
Gamma	14	0	0.0	0.0	[]	[]	[]	[]	False
Mu	20	0	0.0	0.0	[]	[]	[]	[]	False
XBB-parent1	4	0	0.0	0.0	[]	[]	[]	[]	False
XBB-parent2	1	0	0.0	0.0	[]	[]	[]	[]	False
XBB.1.16	5	0	0.0	0.0	[]	[]	[]	[]	False
XBB.1.5	3	0	0.0	0.0	[]	[]	[]	[]	False
XE	2	0	0.0	0.0	[]	[]	[]	[]	False
XE-parent1	0	0	0.0	0.0	[]	[]	[]	[]	False
Zeta	6	0	0.0	0.0	[]	[]	[]	[]	False
