label	n_specific_sites	n_minor_supported_sites	minor_median_af	minor_mean_af	minor_supported_sites	minor_supported_mutations	minor_supported_alt_dp	minor_supported_total_dp	passes_minor_rule
Delta	29	5	0.280137	0.2813538	['22227:C', '22813:G', '25469:C', '27638:T', '28461:A']	['22227:C>T', '22813:G>T', '25469:C>T', '27638:T>C', '28461:A>G']	[49472.0, 10852.0, 50592.0, 136726.0, 112953.0]	[129363.0, 79197.0, 243975.0, 341975.0, 403207.0]	True
Omicron	89	3	0.140898	0.14239833333333332	['22992:G', '23013:A', '23948:G']	['22992:G>A', '23013:A>C', '23948:G>T']	[22737.0, 22089.0, 14234.0]	[161372.0, 160069.0, 95981.0]	False
Kappa	7	2	0.339975	0.339975	['25469:C', '27638:T']	['25469:C>T', '27638:T>C']	[136726.0, 112953.0]	[341975.0, 403207.0]	False
Alpha	21	2	0.23346899999999998	0.23346899999999998	['23709:C', '27972:C']	['23709:C>T', '27972:C>T']	[36698.0, 50769.0]	[150983.0, 226771.0]	False
B.1.617.3	12	1	0.399813	0.399813	['27638:T']	['27638:T>C']	[136726.0]	[341975.0]	False
XBB.1	3	1	0.382428	0.382428	['22813:G']	['22813:G>T']	[49472.0]	[129363.0]	False
Iota	18	1	0.140898	0.140898	['22992:G']	['22992:G>A']	[22737.0]	[161372.0]	False
A.23.1	12	0	0.0	0.0	[]	[]	[]	[]	False
AV.1	10	0	0.0	0.0	[]	[]	[]	[]	False
B.1.1.318	19	0	0.0	0.0	[]	[]	[]	[]	False
Beta	12	0	0.0	0.0	[]	[]	[]	[]	False
Epsilon	14	0	0.0	0.0	[]	[]	[]	[]	False
Eta	16	0	0.0	0.0	[]	[]	[]	[]	False
Gamma	14	0	0.0	0.0	[]	[]	[]	[]	False
Mu	21	0	0.0	0.0	[]	[]	[]	[]	False
Theta	14	0	0.0	0.0	[]	[]	[]	[]	False
XBB	13	0	0.0	0.0	[]	[]	[]	[]	False
XBB-parent1	6	0	0.0	0.0	[]	[]	[]	[]	False
XBB-parent2	1	0	0.0	0.0	[]	[]	[]	[]	False
XBB.1.16	5	0	0.0	0.0	[]	[]	[]	[]	False
XBB.1.5	4	0	0.0	0.0	[]	[]	[]	[]	False
XE	3	0	0.0	0.0	[]	[]	[]	[]	False
XE-parent1	4	0	0.0	0.0	[]	[]	[]	[]	False
XE-parent2	19	0	0.0	0.0	[]	[]	[]	[]	False
Zeta	6	0	0.0	0.0	[]	[]	[]	[]	False
