label	n_specific_sites	n_minor_supported_sites	minor_median_af	minor_mean_af	minor_supported_sites	minor_supported_mutations	minor_supported_alt_dp	minor_supported_total_dp	passes_minor_rule
Delta	32	7	0.277597	0.2715977571428571	['22227:C', '22813:G', '24410:G', '25469:C', '27638:T', '28461:A', '29402:G']	['22227:C>T', '22813:G>T', '24410:G>A', '25469:C>T', '27638:T>C', '28461:A>G', '29402:G>T']	[19540.0, 8719.0, 30186.0, 22632.0, 84945.0, 59527.0, 11450.0]	[54282.0, 53986.0, 75792.0, 110450.0, 212592.0, 214437.0, 115236.0]	True
Omicron	90	4	0.160133	0.16019850000000002	['22992:G', '23013:A', '23948:G', '28311:C']	['22992:G>A', '23013:A>C', '23948:G>T', '28311:C>T']	[17050.0, 10838.0, 10476.0, 9229.0]	[95160.0, 74809.0, 74111.0, 52620.0]	True
B.1.617.3	12	3	0.398274	0.2990677666666666	['24410:G', '27638:T', '29402:G']	['24410:G>A', '27638:T>C', '29402:G>T']	[11450.0, 30186.0, 84945.0]	[115236.0, 75792.0, 212592.0]	False
Kappa	7	2	0.3385825	0.3385825	['25469:C', '27638:T']	['25469:C>T', '27638:T>C']	[84945.0, 59527.0]	[212592.0, 214437.0]	False
Iota	21	2	0.162024	0.162024	['22992:G', '28311:C']	['22992:G>A', '28311:C>T']	[17050.0, 10838.0]	[95160.0, 74809.0]	False
Mu	23	1	0.398274	0.398274	['24410:G']	['24410:G>A']	[30186.0]	[75792.0]	False
XBB.1	3	1	0.359972	0.359972	['22813:G']	['22813:G>T']	[19540.0]	[54282.0]	False
Lambda	14	1	0.179172	0.179172	['28311:C']	['28311:C>T']	[17050.0]	[95160.0]	False
A.23.1	12	0	0.0	0.0	[]	[]	[]	[]	False
AV.1	9	0	0.0	0.0	[]	[]	[]	[]	False
B.1.1.318	19	0	0.0	0.0	[]	[]	[]	[]	False
Beta	12	0	0.0	0.0	[]	[]	[]	[]	False
Epsilon	14	0	0.0	0.0	[]	[]	[]	[]	False
Eta	17	0	0.0	0.0	[]	[]	[]	[]	False
Gamma	14	0	0.0	0.0	[]	[]	[]	[]	False
Theta	15	0	0.0	0.0	[]	[]	[]	[]	False
XBB	13	0	0.0	0.0	[]	[]	[]	[]	False
XBB-parent1	6	0	0.0	0.0	[]	[]	[]	[]	False
XBB-parent2	1	0	0.0	0.0	[]	[]	[]	[]	False
XBB.1.16	5	0	0.0	0.0	[]	[]	[]	[]	False
XBB.1.5	4	0	0.0	0.0	[]	[]	[]	[]	False
XE	3	0	0.0	0.0	[]	[]	[]	[]	False
XE-parent1	4	0	0.0	0.0	[]	[]	[]	[]	False
XE-parent2	19	0	0.0	0.0	[]	[]	[]	[]	False
Zeta	6	0	0.0	0.0	[]	[]	[]	[]	False
