label	n_specific_sites	n_minor_supported_sites	minor_median_af	minor_mean_af	minor_supported_sites	minor_supported_mutations	minor_supported_alt_dp	minor_supported_total_dp	passes_minor_rule
Delta	28	4	0.219499	0.2400135	['22227:C', '24410:G', '25469:C', '28461:A']	['22227:C>T', '24410:G>A', '25469:C>T', '28461:A>G']	[15547.0, 43640.0, 17652.0, 83136.0]	[113270.0, 113705.0, 100363.0, 315967.0]	True
Lambda	12	6	0.0911429	0.09365983333333334	['10097:G', '23031:T', '24138:C', '28913:G', '4002:C', '9867:T']	['10097:G>A', '23031:T>C', '24138:C>A', '28913:G>T', '4002:C>T', '9867:T>C']	[1356.0, 2107.0, 8069.0, 1395.0, 2607.0, 5726.0]	[14839.0, 18939.0, 88763.0, 14846.0, 28773.0, 68288.0]	False
Mu	20	2	0.35837949999999996	0.35837949999999996	['22599:G', '24410:G']	['22599:G>A', '24410:G>A']	[43640.0, 4152.0]	[113705.0, 12470.0]	False
Alpha	20	2	0.19480150000000002	0.19480150000000002	['23709:C', '27972:C']	['23709:C>T', '27972:C>T']	[31147.0, 32804.0]	[142603.0, 191629.0]	False
B.1.617.3	12	1	0.3838	0.3838	['24410:G']	['24410:G>A']	[43640.0]	[113705.0]	False
Kappa	7	1	0.263116	0.263116	['25469:C']	['25469:C>T']	[83136.0]	[315967.0]	False
XBB	13	1	0.090905	0.090905	['23031:T']	['23031:T>C']	[8069.0]	[88763.0]	False
Iota	16	1	0.0906058	0.0906058	['9867:T']	['9867:T>C']	[2607.0]	[28773.0]	False
Theta	15	1	0.0906058	0.0906058	['9867:T']	['9867:T>C']	[2607.0]	[28773.0]	False
A.23.1	12	0	0.0	0.0	[]	[]	[]	[]	False
AV.1	7	0	0.0	0.0	[]	[]	[]	[]	False
B.1.1.318	16	0	0.0	0.0	[]	[]	[]	[]	False
Beta	12	0	0.0	0.0	[]	[]	[]	[]	False
Epsilon	13	0	0.0	0.0	[]	[]	[]	[]	False
Eta	17	0	0.0	0.0	[]	[]	[]	[]	False
Gamma	14	0	0.0	0.0	[]	[]	[]	[]	False
XBB-parent1	4	0	0.0	0.0	[]	[]	[]	[]	False
XBB-parent2	1	0	0.0	0.0	[]	[]	[]	[]	False
XBB.1	3	0	0.0	0.0	[]	[]	[]	[]	False
XBB.1.16	5	0	0.0	0.0	[]	[]	[]	[]	False
XBB.1.5	3	0	0.0	0.0	[]	[]	[]	[]	False
XE	2	0	0.0	0.0	[]	[]	[]	[]	False
XE-parent1	0	0	0.0	0.0	[]	[]	[]	[]	False
XE-parent2	1	0	0.0	0.0	[]	[]	[]	[]	False
Zeta	6	0	0.0	0.0	[]	[]	[]	[]	False
