label	n_specific_sites	n_minor_supported_sites	minor_median_af	minor_mean_af	minor_supported_sites	minor_supported_mutations	minor_supported_alt_dp	minor_supported_total_dp	passes_minor_rule
Delta	29	6	0.24661	0.24479463333333332	['22227:C', '22813:G', '25469:C', '27638:T', '28461:A', '29402:G']	['22227:C>T', '22813:G>T', '25469:C>T', '27638:T>C', '28461:A>G', '29402:G>T']	[15769.0, 15707.0, 22846.0, 3118.0, 69594.0, 17037.0]	[47703.0, 86815.0, 107852.0, 8330.0, 247320.0, 189834.0]	True
Omicron	89	4	0.14544	0.1442399	['10449:C', '22992:G', '23013:A', '23948:G']	['10449:C>A', '22992:G>A', '23013:A>C', '23948:G>T']	[11484.0, 11266.0, 11442.0, 3444.0]	[78402.0, 78017.0, 57727.0, 39194.0]	True
Kappa	7	2	0.32785149999999996	0.32785149999999996	['25469:C', '27638:T']	['25469:C>T', '27638:T>C']	[3118.0, 69594.0]	[8330.0, 247320.0]	False
B.1.617.3	12	2	0.2320284	0.2320284	['27638:T', '29402:G']	['27638:T>C', '29402:G>T']	[17037.0, 3118.0]	[189834.0, 8330.0]	False
Alpha	21	2	0.213344	0.213344	['23709:C', '27972:C']	['23709:C>T', '27972:C>T']	[28800.0, 26415.0]	[114548.0, 150715.0]	False
XBB.1	3	1	0.330566	0.330566	['22813:G']	['22813:G>T']	[15769.0]	[47703.0]	False
Iota	18	1	0.146476	0.146476	['22992:G']	['22992:G>A']	[11484.0]	[78402.0]	False
A.23.1	12	0	0.0	0.0	[]	[]	[]	[]	False
AV.1	10	0	0.0	0.0	[]	[]	[]	[]	False
B.1.1.318	19	0	0.0	0.0	[]	[]	[]	[]	False
Beta	12	0	0.0	0.0	[]	[]	[]	[]	False
Epsilon	14	0	0.0	0.0	[]	[]	[]	[]	False
Eta	16	0	0.0	0.0	[]	[]	[]	[]	False
Gamma	14	0	0.0	0.0	[]	[]	[]	[]	False
Mu	21	0	0.0	0.0	[]	[]	[]	[]	False
Theta	14	0	0.0	0.0	[]	[]	[]	[]	False
XBB	13	0	0.0	0.0	[]	[]	[]	[]	False
XBB-parent1	6	0	0.0	0.0	[]	[]	[]	[]	False
XBB-parent2	1	0	0.0	0.0	[]	[]	[]	[]	False
XBB.1.16	5	0	0.0	0.0	[]	[]	[]	[]	False
XBB.1.5	4	0	0.0	0.0	[]	[]	[]	[]	False
XE	3	0	0.0	0.0	[]	[]	[]	[]	False
XE-parent1	4	0	0.0	0.0	[]	[]	[]	[]	False
XE-parent2	19	0	0.0	0.0	[]	[]	[]	[]	False
Zeta	6	0	0.0	0.0	[]	[]	[]	[]	False
