label	n_specific_sites	n_minor_supported_sites	minor_median_af	minor_mean_af	minor_supported_sites	minor_supported_mutations	minor_supported_alt_dp	minor_supported_total_dp	passes_minor_rule
Delta	29	7	0.245033	0.2639877428571428	['22227:C', '22813:G', '24410:G', '25469:C', '27638:T', '28461:A', '29402:G']	['22227:C>T', '22813:G>T', '24410:G>A', '25469:C>T', '27638:T>C', '28461:A>G', '29402:G>T']	[15550.0, 15112.0, 33486.0, 37533.0, 3991.0, 64198.0, 20069.0]	[43664.0, 118328.0, 84762.0, 153998.0, 10351.0, 261997.0, 211946.0]	True
Omicron	89	5	0.137637	0.12685838	['10449:C', '22992:G', '23013:A', '23948:G', '26858:C']	['10449:C>A', '22992:G>A', '23013:A>C', '23948:G>T', '26858:C>T']	[9834.0, 9617.0, 8413.0, 3456.0, 387.0]	[70034.0, 69872.0, 50854.0, 32647.0, 4556.0]	True
B.1.617.3	12	3	0.385567	0.29177173333333334	['24410:G', '27638:T', '29402:G']	['24410:G>A', '27638:T>C', '29402:G>T']	[20069.0, 33486.0, 3991.0]	[211946.0, 84762.0, 10351.0]	False
Kappa	7	2	0.3153	0.3153	['25469:C', '27638:T']	['25469:C>T', '27638:T>C']	[3991.0, 64198.0]	[10351.0, 261997.0]	False
Alpha	21	2	0.1847675	0.1847675	['23709:C', '27972:C']	['23709:C>T', '27972:C>T']	[22110.0, 20563.0]	[109708.0, 122399.0]	False
Mu	21	1	0.395059	0.395059	['24410:G']	['24410:G>A']	[33486.0]	[84762.0]	False
XBB.1	3	1	0.356129	0.356129	['22813:G']	['22813:G>T']	[15550.0]	[43664.0]	False
Iota	18	1	0.140418	0.140418	['22992:G']	['22992:G>A']	[9834.0]	[70034.0]	False
XE-parent2	19	1	0.0849429	0.0849429	['26858:C']	['26858:C>T']	[387.0]	[4556.0]	False
A.23.1	12	0	0.0	0.0	[]	[]	[]	[]	False
AV.1	10	0	0.0	0.0	[]	[]	[]	[]	False
B.1.1.318	19	0	0.0	0.0	[]	[]	[]	[]	False
Beta	12	0	0.0	0.0	[]	[]	[]	[]	False
Epsilon	14	0	0.0	0.0	[]	[]	[]	[]	False
Eta	16	0	0.0	0.0	[]	[]	[]	[]	False
Gamma	14	0	0.0	0.0	[]	[]	[]	[]	False
Theta	14	0	0.0	0.0	[]	[]	[]	[]	False
XBB	13	0	0.0	0.0	[]	[]	[]	[]	False
XBB-parent1	6	0	0.0	0.0	[]	[]	[]	[]	False
XBB-parent2	1	0	0.0	0.0	[]	[]	[]	[]	False
XBB.1.16	5	0	0.0	0.0	[]	[]	[]	[]	False
XBB.1.5	4	0	0.0	0.0	[]	[]	[]	[]	False
XE	3	0	0.0	0.0	[]	[]	[]	[]	False
XE-parent1	4	0	0.0	0.0	[]	[]	[]	[]	False
Zeta	6	0	0.0	0.0	[]	[]	[]	[]	False
