label	n_defining_sites	n_major_supported_sites	frac_major_supported_sites	major_supported_sites	major_supported_mutations
Epsilon	14	3	0.21428571428571427	['241:C', '26681:C', '3037:C']	['241:C>T', '26681:C>T', '3037:C>T']
Iota	21	2	0.09523809523809523	['14408:C', '3037:C']	['14408:C>T', '3037:C>T']
Mu	23	2	0.08695652173913043	['14408:C', '3037:C']	['14408:C>T', '3037:C>T']
Omicron	91	2	0.02197802197802198	['28882:G', '3037:C']	['28882:G>A', '3037:C>T']
Lambda	14	1	0.07142857142857142	['14408:C']	['14408:C>T']
Eta	17	1	0.058823529411764705	['14408:C']	['14408:C>T']
Delta	32	1	0.03125	['14408:C']	['14408:C>T']
Alpha	21	0	0.0	[]	[]
B.1.1.318	19	0	0.0	[]	[]
XE-parent2	19	0	0.0	[]	[]
Theta	15	0	0.0	[]	[]
Gamma	14	0	0.0	[]	[]
XBB	14	0	0.0	[]	[]
A.23.1	12	0	0.0	[]	[]
B.1.617.3	12	0	0.0	[]	[]
Beta	12	0	0.0	[]	[]
AV.1	10	0	0.0	[]	[]
Kappa	7	0	0.0	[]	[]
XBB-parent1	6	0	0.0	[]	[]
Zeta	6	0	0.0	[]	[]
XBB.1.16	5	0	0.0	[]	[]
XBB.1.5	4	0	0.0	[]	[]
XE-parent1	4	0	0.0	[]	[]
XBB.1	3	0	0.0	[]	[]
XE	3	0	0.0	[]	[]
XBB-parent2	1	0	0.0	[]	[]
