label	n_specific_sites	n_minor_supported_sites	minor_median_af	minor_mean_af	minor_supported_sites	minor_supported_mutations	minor_supported_alt_dp	minor_supported_total_dp	passes_minor_rule
Delta	32	6	0.207802	0.23692800000000003	['22227:C', '22813:G', '22995:C', '24410:G', '25469:C', '28461:A']	['22227:C>T', '22813:G>T', '22995:C>A', '24410:G>A', '25469:C>T', '28461:A>G']	[2099.0, 3506.0, 15825.0, 6240.0, 19530.0, 11663.0]	[11165.0, 30054.0, 40076.0, 18213.0, 128639.0, 51242.0]	True
Omicron	91	5	0.147619	0.18744356	['22992:G', '22995:C', '23013:A', '23948:G', '28311:C']	['22992:G>A', '22995:C>A', '23013:A>C', '23948:G>T', '28311:C>T']	[6240.0, 11470.0, 1789.0, 1812.0, 2905.0]	[18213.0, 46130.0, 18241.0, 18072.0, 19679.0]	True
Alpha	21	2	0.202428	0.202428	['23709:C', '27972:C']	['23709:C>T', '27972:C>T']	[10170.0, 14038.0]	[62370.0, 58057.0]	False
Iota	21	2	0.1733604	0.1733604	['22992:G', '28311:C']	['22992:G>A', '28311:C>T']	[11470.0, 1789.0]	[46130.0, 18241.0]	False
B.1.617.3	12	1	0.394875	0.394875	['24410:G']	['24410:G>A']	[15825.0]	[40076.0]	False
Mu	23	1	0.394875	0.394875	['24410:G']	['24410:G>A']	[15825.0]	[40076.0]	False
Lambda	14	1	0.248645	0.248645	['28311:C']	['28311:C>T']	[11470.0]	[46130.0]	False
Kappa	7	1	0.227606	0.227606	['25469:C']	['25469:C>T']	[11663.0]	[51242.0]	False
XBB.1	3	1	0.187998	0.187998	['22813:G']	['22813:G>T']	[2099.0]	[11165.0]	False
A.23.1	11	0	0.0	0.0	[]	[]	[]	[]	False
AV.1	10	0	0.0	0.0	[]	[]	[]	[]	False
B.1.1.318	18	0	0.0	0.0	[]	[]	[]	[]	False
Beta	11	0	0.0	0.0	[]	[]	[]	[]	False
Epsilon	14	0	0.0	0.0	[]	[]	[]	[]	False
Eta	17	0	0.0	0.0	[]	[]	[]	[]	False
Theta	15	0	0.0	0.0	[]	[]	[]	[]	False
XBB	14	0	0.0	0.0	[]	[]	[]	[]	False
XBB-parent1	6	0	0.0	0.0	[]	[]	[]	[]	False
XBB-parent2	1	0	0.0	0.0	[]	[]	[]	[]	False
XBB.1.16	5	0	0.0	0.0	[]	[]	[]	[]	False
XBB.1.5	4	0	0.0	0.0	[]	[]	[]	[]	False
XE	3	0	0.0	0.0	[]	[]	[]	[]	False
XE-parent1	4	0	0.0	0.0	[]	[]	[]	[]	False
XE-parent2	19	0	0.0	0.0	[]	[]	[]	[]	False
Zeta	6	0	0.0	0.0	[]	[]	[]	[]	False
