label	n_specific_sites	n_minor_supported_sites	minor_median_af	minor_mean_af	minor_supported_sites	minor_supported_mutations	minor_supported_alt_dp	minor_supported_total_dp	passes_minor_rule
Delta	28	4	0.1734325	0.184918	['22227:C', '25469:C', '28461:A', '29402:G']	['22227:C>T', '25469:C>T', '28461:A>G', '29402:G>T']	[20286.0, 23294.0, 139624.0, 45348.0]	[138672.0, 116135.0, 495257.0, 408966.0]	True
Lambda	12	7	0.09824	0.0993812142857143	['10097:G', '23031:T', '24138:C', '28913:G', '4002:C', '7424:T', '9867:T']	['10097:G>A', '23031:T>C', '24138:C>A', '28913:G>T', '4002:C>T', '7424:T>G', '9867:T>C']	[1957.0, 3003.0, 13515.0, 2148.0, 1938.0, 4723.0, 10294.0]	[17997.0, 30568.0, 137243.0, 22874.0, 20303.0, 49638.0, 97384.0]	False
Alpha	20	2	0.19800299999999998	0.19800299999999998	['23709:C', '27972:C']	['23709:C>T', '27972:C>T']	[36261.0, 35444.0]	[152283.0, 224486.0]	False
XBB.1	3	1	0.327854	0.327854	['22786:A']	['22786:A>C']	[9594.0]	[29263.0]	False
XE-parent2	1	1	0.327854	0.327854	['22786:A']	['22786:A>C']	[9594.0]	[29263.0]	False
Kappa	7	1	0.281922	0.281922	['25469:C']	['25469:C>T']	[139624.0]	[495257.0]	False
B.1.617.3	12	1	0.110885	0.110885	['29402:G']	['29402:G>T']	[45348.0]	[408966.0]	False
XBB	13	1	0.098475	0.098475	['23031:T']	['23031:T>C']	[13515.0]	[137243.0]	False
Iota	16	1	0.0951489	0.0951489	['9867:T']	['9867:T>C']	[4723.0]	[49638.0]	False
Theta	15	1	0.0951489	0.0951489	['9867:T']	['9867:T>C']	[4723.0]	[49638.0]	False
A.23.1	12	0	0.0	0.0	[]	[]	[]	[]	False
AV.1	7	0	0.0	0.0	[]	[]	[]	[]	False
B.1.1.318	16	0	0.0	0.0	[]	[]	[]	[]	False
Beta	12	0	0.0	0.0	[]	[]	[]	[]	False
Epsilon	13	0	0.0	0.0	[]	[]	[]	[]	False
Eta	17	0	0.0	0.0	[]	[]	[]	[]	False
Gamma	14	0	0.0	0.0	[]	[]	[]	[]	False
Mu	20	0	0.0	0.0	[]	[]	[]	[]	False
XBB-parent1	4	0	0.0	0.0	[]	[]	[]	[]	False
XBB-parent2	1	0	0.0	0.0	[]	[]	[]	[]	False
XBB.1.16	5	0	0.0	0.0	[]	[]	[]	[]	False
XBB.1.5	3	0	0.0	0.0	[]	[]	[]	[]	False
XE	2	0	0.0	0.0	[]	[]	[]	[]	False
XE-parent1	0	0	0.0	0.0	[]	[]	[]	[]	False
Zeta	6	0	0.0	0.0	[]	[]	[]	[]	False
