label	n_specific_sites	n_minor_supported_sites	minor_median_af	minor_mean_af	minor_supported_sites	minor_supported_mutations	minor_supported_alt_dp	minor_supported_total_dp	passes_minor_rule
Delta	28	6	0.24367100000000003	0.2619183333333333	['22227:C', '24410:G', '25469:C', '27638:T', '28461:A', '29402:G']	['22227:C>T', '24410:G>A', '25469:C>T', '27638:T>C', '28461:A>G', '29402:G>T']	[18931.0, 39896.0, 16008.0, 92082.0, 85697.0, 30897.0]	[107474.0, 99947.0, 80076.0, 231110.0, 298147.0, 279820.0]	True
B.1.617.3	12	3	0.398434	0.3026743333333333	['24410:G', '27638:T', '29402:G']	['24410:G>A', '27638:T>C', '29402:G>T']	[30897.0, 39896.0, 92082.0]	[279820.0, 99947.0, 231110.0]	False
Kappa	7	2	0.34293300000000004	0.34293300000000004	['25469:C', '27638:T']	['25469:C>T', '27638:T>C']	[92082.0, 85697.0]	[231110.0, 298147.0]	False
Alpha	20	2	0.202439	0.202439	['23709:C', '27972:C']	['23709:C>T', '27972:C>T']	[33125.0, 30385.0]	[140859.0, 179037.0]	False
Mu	20	1	0.399172	0.399172	['24410:G']	['24410:G>A']	[39896.0]	[99947.0]	False
A.23.1	12	0	0.0	0.0	[]	[]	[]	[]	False
AV.1	7	0	0.0	0.0	[]	[]	[]	[]	False
B.1.1.318	16	0	0.0	0.0	[]	[]	[]	[]	False
Beta	12	0	0.0	0.0	[]	[]	[]	[]	False
Epsilon	13	0	0.0	0.0	[]	[]	[]	[]	False
Eta	17	0	0.0	0.0	[]	[]	[]	[]	False
Gamma	14	0	0.0	0.0	[]	[]	[]	[]	False
Iota	16	0	0.0	0.0	[]	[]	[]	[]	False
Lambda	12	0	0.0	0.0	[]	[]	[]	[]	False
Theta	15	0	0.0	0.0	[]	[]	[]	[]	False
XBB	13	0	0.0	0.0	[]	[]	[]	[]	False
XBB-parent1	4	0	0.0	0.0	[]	[]	[]	[]	False
XBB-parent2	1	0	0.0	0.0	[]	[]	[]	[]	False
XBB.1	3	0	0.0	0.0	[]	[]	[]	[]	False
XBB.1.16	5	0	0.0	0.0	[]	[]	[]	[]	False
XBB.1.5	3	0	0.0	0.0	[]	[]	[]	[]	False
XE	2	0	0.0	0.0	[]	[]	[]	[]	False
XE-parent1	0	0	0.0	0.0	[]	[]	[]	[]	False
XE-parent2	1	0	0.0	0.0	[]	[]	[]	[]	False
Zeta	6	0	0.0	0.0	[]	[]	[]	[]	False
