label	n_defining_sites	n_major_supported_sites	frac_major_supported_sites	major_supported_sites	major_supported_mutations
Gamma	14	9	0.6428571428571429	['12778:C', '13860:C', '21621:C', '21638:C', '28167:G', '28512:C', '3828:C', '5648:A', '733:T']	['12778:C>T', '13860:C>T', '21621:C>A', '21638:C>T', '28167:G>A', '28512:C>G', '3828:C>T', '5648:A>C', '733:T>C']
Epsilon	14	2	0.14285714285714285	['241:C', '3037:C']	['241:C>T', '3037:C>T']
Iota	21	2	0.09523809523809523	['14408:C', '3037:C']	['14408:C>T', '3037:C>T']
Mu	23	2	0.08695652173913043	['14408:C', '3037:C']	['14408:C>T', '3037:C>T']
Omicron	91	2	0.02197802197802198	['23525:C', '3037:C']	['23525:C>T', '3037:C>T']
A.23.1	12	1	0.08333333333333333	['28167:G']	['28167:G>A']
Lambda	14	1	0.07142857142857142	['14408:C']	['14408:C>T']
Theta	15	1	0.06666666666666667	['25088:G']	['25088:G>T']
Eta	17	1	0.058823529411764705	['14408:C']	['14408:C>T']
Delta	32	1	0.03125	['14408:C']	['14408:C>T']
Alpha	21	0	0.0	[]	[]
B.1.1.318	19	0	0.0	[]	[]
XE-parent2	19	0	0.0	[]	[]
XBB	14	0	0.0	[]	[]
B.1.617.3	12	0	0.0	[]	[]
Beta	12	0	0.0	[]	[]
AV.1	10	0	0.0	[]	[]
Kappa	7	0	0.0	[]	[]
XBB-parent1	6	0	0.0	[]	[]
Zeta	6	0	0.0	[]	[]
XBB.1.16	5	0	0.0	[]	[]
XBB.1.5	4	0	0.0	[]	[]
XE-parent1	4	0	0.0	[]	[]
XBB.1	3	0	0.0	[]	[]
XE	3	0	0.0	[]	[]
XBB-parent2	1	0	0.0	[]	[]
