label	n_specific_sites	n_minor_supported_sites	minor_median_af	minor_mean_af	minor_supported_sites	minor_supported_mutations	minor_supported_alt_dp	minor_supported_total_dp	passes_minor_rule
Delta	32	7	0.238116	0.24706328571428568	['22227:C', '22813:G', '22995:C', '25469:C', '27638:T', '28461:A', '29402:G']	['22227:C>T', '22813:G>T', '22995:C>A', '25469:C>T', '27638:T>C', '28461:A>G', '29402:G>T']	[6632.0, 14452.0, 12466.0, 25376.0, 98489.0, 72658.0, 20583.0]	[27852.0, 90311.0, 38199.0, 112058.0, 250901.0, 256463.0, 200506.0]	True
Omicron	91	6	0.143195	0.1658018	['10449:C', '22992:G', '22995:C', '23013:A', '23948:G', '28311:C']	['10449:C>A', '22992:G>A', '22995:C>A', '23013:A>C', '23948:G>T', '28311:C>T']	[12466.0, 28528.0, 3889.0, 3759.0, 8891.0, 3339.0]	[38199.0, 149249.0, 38250.0, 38085.0, 48133.0, 36202.0]	True
Kappa	7	2	0.33792449999999996	0.33792449999999996	['25469:C', '27638:T']	['25469:C>T', '27638:T>C']	[98489.0, 72658.0]	[250901.0, 256463.0]	False
B.1.617.3	12	2	0.24759799999999998	0.24759799999999998	['27638:T', '29402:G']	['27638:T>C', '29402:G>T']	[20583.0, 98489.0]	[200506.0, 250901.0]	False
Alpha	21	2	0.19197799999999998	0.19197799999999998	['23709:C', '27972:C']	['23709:C>T', '27972:C>T']	[25365.0, 15056.0]	[101417.0, 112484.0]	False
Iota	21	2	0.1464085	0.1464085	['22992:G', '28311:C']	['22992:G>A', '28311:C>T']	[28528.0, 3889.0]	[149249.0, 38250.0]	False
XBB.1	3	1	0.238116	0.238116	['22813:G']	['22813:G>T']	[6632.0]	[27852.0]	False
Lambda	14	1	0.191144	0.191144	['28311:C']	['28311:C>T']	[28528.0]	[149249.0]	False
A.23.1	11	0	0.0	0.0	[]	[]	[]	[]	False
AV.1	10	0	0.0	0.0	[]	[]	[]	[]	False
B.1.1.318	18	0	0.0	0.0	[]	[]	[]	[]	False
Beta	11	0	0.0	0.0	[]	[]	[]	[]	False
Epsilon	14	0	0.0	0.0	[]	[]	[]	[]	False
Eta	17	0	0.0	0.0	[]	[]	[]	[]	False
Mu	23	0	0.0	0.0	[]	[]	[]	[]	False
Theta	15	0	0.0	0.0	[]	[]	[]	[]	False
XBB	14	0	0.0	0.0	[]	[]	[]	[]	False
XBB-parent1	6	0	0.0	0.0	[]	[]	[]	[]	False
XBB-parent2	1	0	0.0	0.0	[]	[]	[]	[]	False
XBB.1.16	5	0	0.0	0.0	[]	[]	[]	[]	False
XBB.1.5	4	0	0.0	0.0	[]	[]	[]	[]	False
XE	3	0	0.0	0.0	[]	[]	[]	[]	False
XE-parent1	4	0	0.0	0.0	[]	[]	[]	[]	False
XE-parent2	19	0	0.0	0.0	[]	[]	[]	[]	False
Zeta	6	0	0.0	0.0	[]	[]	[]	[]	False
