label	n_specific_sites	n_minor_supported_sites	minor_median_af	minor_mean_af	minor_supported_sites	minor_supported_mutations	minor_supported_alt_dp	minor_supported_total_dp	passes_minor_rule
Delta	32	6	0.2378655	0.21998863333333338	['22227:C', '22813:G', '22995:C', '25469:C', '28461:A', '29402:G']	['22227:C>T', '22813:G>T', '22995:C>A', '25469:C>T', '28461:A>G', '29402:G>T']	[9365.0, 14358.0, 21354.0, 38053.0, 106608.0, 25053.0]	[37114.0, 134654.0, 62254.0, 170336.0, 357479.0, 260059.0]	True
Omicron	91	5	0.141763	0.1872014	['22992:G', '22995:C', '23013:A', '23948:G', '28311:C']	['22992:G>A', '22995:C>A', '23013:A>C', '23948:G>T', '28311:C>T']	[21354.0, 49541.0, 6592.0, 6433.0, 11138.0]	[62254.0, 204929.0, 62372.0, 61978.0, 78568.0]	True
Alpha	21	2	0.2098955	0.2098955	['23709:C', '27972:C']	['23709:C>T', '27972:C>T']	[32574.0, 30381.0]	[148345.0, 151747.0]	False
Iota	21	2	0.1737175	0.1737175	['22992:G', '28311:C']	['22992:G>A', '28311:C>T']	[49541.0, 6592.0]	[204929.0, 62372.0]	False
Kappa	7	1	0.298222	0.298222	['25469:C']	['25469:C>T']	[106608.0]	[357479.0]	False
XBB.1	3	1	0.252331	0.252331	['22813:G']	['22813:G>T']	[9365.0]	[37114.0]	False
Lambda	14	1	0.241747	0.241747	['28311:C']	['28311:C>T']	[49541.0]	[204929.0]	False
B.1.617.3	12	1	0.0963358	0.0963358	['29402:G']	['29402:G>T']	[25053.0]	[260059.0]	False
A.23.1	11	0	0.0	0.0	[]	[]	[]	[]	False
AV.1	10	0	0.0	0.0	[]	[]	[]	[]	False
B.1.1.318	18	0	0.0	0.0	[]	[]	[]	[]	False
Beta	11	0	0.0	0.0	[]	[]	[]	[]	False
Epsilon	14	0	0.0	0.0	[]	[]	[]	[]	False
Eta	17	0	0.0	0.0	[]	[]	[]	[]	False
Mu	23	0	0.0	0.0	[]	[]	[]	[]	False
Theta	15	0	0.0	0.0	[]	[]	[]	[]	False
XBB	14	0	0.0	0.0	[]	[]	[]	[]	False
XBB-parent1	6	0	0.0	0.0	[]	[]	[]	[]	False
XBB-parent2	1	0	0.0	0.0	[]	[]	[]	[]	False
XBB.1.16	5	0	0.0	0.0	[]	[]	[]	[]	False
XBB.1.5	4	0	0.0	0.0	[]	[]	[]	[]	False
XE	3	0	0.0	0.0	[]	[]	[]	[]	False
XE-parent1	4	0	0.0	0.0	[]	[]	[]	[]	False
XE-parent2	19	0	0.0	0.0	[]	[]	[]	[]	False
Zeta	6	0	0.0	0.0	[]	[]	[]	[]	False
