label	n_specific_sites	n_minor_supported_sites	minor_median_af	minor_mean_af	minor_supported_sites	minor_supported_mutations	minor_supported_alt_dp	minor_supported_total_dp	passes_minor_rule
Delta	29	7	0.263573	0.27196207142857143	['22227:C', '22813:G', '24410:G', '25469:C', '27638:T', '28461:A', '29402:G']	['22227:C>T', '22813:G>T', '24410:G>A', '25469:C>T', '27638:T>C', '28461:A>G', '29402:G>T']	[17122.0, 9869.0, 31243.0, 26116.0, 86812.0, 60184.0, 9814.0]	[47008.0, 56038.0, 79372.0, 115366.0, 219176.0, 228339.0, 117215.0]	True
Omicron	89	5	0.155752	0.1448934	['10449:C', '22992:G', '23013:A', '23948:G', '26858:C']	['10449:C>A', '22992:G>A', '23013:A>C', '23948:G>T', '26858:C>T']	[11643.0, 11417.0, 8717.0, 3288.0, 511.0]	[71330.0, 70970.0, 55967.0, 31383.0, 3654.0]	True
B.1.617.3	12	3	0.393627	0.2911458333333333	['24410:G', '27638:T', '29402:G']	['24410:G>A', '27638:T>C', '29402:G>T']	[9814.0, 31243.0, 86812.0]	[117215.0, 79372.0, 219176.0]	False
Kappa	7	2	0.32982849999999997	0.32982849999999997	['25469:C', '27638:T']	['25469:C>T', '27638:T>C']	[86812.0, 60184.0]	[219176.0, 228339.0]	False
Alpha	21	2	0.2353385	0.2353385	['23709:C', '27972:C']	['23709:C>T', '27972:C>T']	[21970.0, 22331.0]	[94279.0, 93968.0]	False
Mu	21	1	0.393627	0.393627	['24410:G']	['24410:G>A']	[31243.0]	[79372.0]	False
XBB.1	3	1	0.364236	0.364236	['22813:G']	['22813:G>T']	[17122.0]	[47008.0]	False
Iota	18	1	0.163227	0.163227	['22992:G']	['22992:G>A']	[11643.0]	[71330.0]	False
XE-parent2	19	1	0.139847	0.139847	['26858:C']	['26858:C>T']	[511.0]	[3654.0]	False
A.23.1	12	0	0.0	0.0	[]	[]	[]	[]	False
AV.1	10	0	0.0	0.0	[]	[]	[]	[]	False
B.1.1.318	19	0	0.0	0.0	[]	[]	[]	[]	False
Beta	12	0	0.0	0.0	[]	[]	[]	[]	False
Epsilon	14	0	0.0	0.0	[]	[]	[]	[]	False
Eta	16	0	0.0	0.0	[]	[]	[]	[]	False
Gamma	14	0	0.0	0.0	[]	[]	[]	[]	False
Theta	14	0	0.0	0.0	[]	[]	[]	[]	False
XBB	13	0	0.0	0.0	[]	[]	[]	[]	False
XBB-parent1	6	0	0.0	0.0	[]	[]	[]	[]	False
XBB-parent2	1	0	0.0	0.0	[]	[]	[]	[]	False
XBB.1.16	5	0	0.0	0.0	[]	[]	[]	[]	False
XBB.1.5	4	0	0.0	0.0	[]	[]	[]	[]	False
XE	3	0	0.0	0.0	[]	[]	[]	[]	False
XE-parent1	4	0	0.0	0.0	[]	[]	[]	[]	False
Zeta	6	0	0.0	0.0	[]	[]	[]	[]	False
