label	n_defining_sites	n_major_supported_sites	frac_major_supported_sites	major_supported_sites	major_supported_mutations
Omicron	91	35	0.38461538461538464	['10029:C', '10198:C', '10447:G', '10449:C', '15714:C', '21987:G', '22200:T', '22578:G', '22679:T', '22686:C', '22688:A', '22995:C', '23040:A', '23055:A', '23075:T', '23525:C', '23948:G', '24424:A', '24469:T', '25584:C', '26270:C', '26530:A', '26577:C', '26709:G', '27259:A', '27807:C', '2790:C', '28271:A', '28311:C', '3037:C', '4184:G', '4321:C', '9424:A', '9534:C', '9866:C']	['10029:C>T', '10198:C>T', '10447:G>A', '10449:C>A', '15714:C>T', '21987:G>A', '22200:T>G', '22578:G>A', '22679:T>C', '22686:C>T', '22688:A>G', '22995:C>A', '23040:A>G', '23055:A>G', '23075:T>C', '23525:C>T', '23948:G>T', '24424:A>T', '24469:T>A', '25584:C>T', '26270:C>T', '26530:A>G', '26577:C>G', '26709:G>A', '27259:A>C', '27807:C>T', '2790:C>T', '28271:A>T', '28311:C>T', '3037:C>T', '4184:G>A', '4321:C>T', '9424:A>G', '9534:C>T', '9866:C>T']
Delta	32	5	0.15625	['10029:C', '14408:C', '21987:G', '22813:G', '22995:C']	['10029:C>T', '14408:C>T', '21987:G>A', '22813:G>T', '22995:C>A']
XE-parent2	19	4	0.21052631578947367	['15714:C', '22200:T', '22688:A', '25584:C']	['15714:C>T', '22200:T>G', '22688:A>G', '25584:C>T']
Lambda	14	3	0.21428571428571427	['10029:C', '14408:C', '28311:C']	['10029:C>T', '14408:C>T', '28311:C>T']
Iota	21	3	0.14285714285714285	['14408:C', '28311:C', '3037:C']	['14408:C>T', '28311:C>T', '3037:C>T']
Mu	23	3	0.13043478260869565	['10029:C', '14408:C', '3037:C']	['10029:C>T', '14408:C>T', '3037:C>T']
AV.1	10	2	0.2	['21987:G', '26709:G']	['21987:G>A', '26709:G>A']
Epsilon	14	2	0.14285714285714285	['241:C', '3037:C']	['241:C>T', '3037:C>T']
XBB.1	3	1	0.3333333333333333	['22813:G']	['22813:G>T']
XBB-parent1	6	1	0.16666666666666666	['22578:G']	['22578:G>A']
Eta	17	1	0.058823529411764705	['14408:C']	['14408:C>T']
Alpha	21	0	0.0	[]	[]
B.1.1.318	19	0	0.0	[]	[]
Theta	15	0	0.0	[]	[]
Gamma	14	0	0.0	[]	[]
XBB	14	0	0.0	[]	[]
A.23.1	12	0	0.0	[]	[]
B.1.617.3	12	0	0.0	[]	[]
Beta	12	0	0.0	[]	[]
Kappa	7	0	0.0	[]	[]
Zeta	6	0	0.0	[]	[]
XBB.1.16	5	0	0.0	[]	[]
XBB.1.5	4	0	0.0	[]	[]
XE-parent1	4	0	0.0	[]	[]
XE	3	0	0.0	[]	[]
XBB-parent2	1	0	0.0	[]	[]
