label	n_specific_sites	n_minor_supported_sites	minor_median_af	minor_mean_af	minor_supported_sites	minor_supported_mutations	minor_supported_alt_dp	minor_supported_total_dp	passes_minor_rule
Delta	29	4	0.2854665	0.26829125	['22227:C', '22813:G', '27638:T', '28461:A']	['22227:C>T', '22813:G>T', '27638:T>C', '28461:A>G']	[11165.0, 4756.0, 15536.0, 34231.0]	[30650.0, 40458.0, 75177.0, 88986.0]	True
Omicron	89	3	0.126978	0.14178433333333332	['22992:G', '23013:A', '23948:G']	['22992:G>A', '23013:A>C', '23948:G>T']	[5104.0, 5052.0, 3634.0]	[40196.0, 39825.0, 21187.0]	False
Alpha	21	2	0.21251799999999998	0.21251799999999998	['23709:C', '27972:C']	['23709:C>T', '27972:C>T']	[11428.0, 10473.0]	[51558.0, 51494.0]	False
B.1.617.3	12	1	0.384678	0.384678	['27638:T']	['27638:T>C']	[34231.0]	[88986.0]	False
Kappa	7	1	0.384678	0.384678	['27638:T']	['27638:T>C']	[34231.0]	[88986.0]	False
XBB.1	3	1	0.364274	0.364274	['22813:G']	['22813:G>T']	[11165.0]	[30650.0]	False
Iota	18	1	0.126978	0.126978	['22992:G']	['22992:G>A']	[5104.0]	[40196.0]	False
A.23.1	12	0	0.0	0.0	[]	[]	[]	[]	False
AV.1	10	0	0.0	0.0	[]	[]	[]	[]	False
B.1.1.318	19	0	0.0	0.0	[]	[]	[]	[]	False
Beta	12	0	0.0	0.0	[]	[]	[]	[]	False
Epsilon	14	0	0.0	0.0	[]	[]	[]	[]	False
Eta	16	0	0.0	0.0	[]	[]	[]	[]	False
Gamma	14	0	0.0	0.0	[]	[]	[]	[]	False
Mu	21	0	0.0	0.0	[]	[]	[]	[]	False
Theta	14	0	0.0	0.0	[]	[]	[]	[]	False
XBB	13	0	0.0	0.0	[]	[]	[]	[]	False
XBB-parent1	6	0	0.0	0.0	[]	[]	[]	[]	False
XBB-parent2	1	0	0.0	0.0	[]	[]	[]	[]	False
XBB.1.16	5	0	0.0	0.0	[]	[]	[]	[]	False
XBB.1.5	4	0	0.0	0.0	[]	[]	[]	[]	False
XE	3	0	0.0	0.0	[]	[]	[]	[]	False
XE-parent1	4	0	0.0	0.0	[]	[]	[]	[]	False
XE-parent2	19	0	0.0	0.0	[]	[]	[]	[]	False
Zeta	6	0	0.0	0.0	[]	[]	[]	[]	False
