label	n_specific_sites	n_minor_supported_sites	minor_median_af	minor_mean_af	minor_supported_sites	minor_supported_mutations	minor_supported_alt_dp	minor_supported_total_dp	passes_minor_rule
Delta	28	6	0.23717349999999998	0.25081801666666664	['22227:C', '24410:G', '25469:C', '27638:T', '28461:A', '29402:G']	['22227:C>T', '24410:G>A', '25469:C>T', '27638:T>C', '28461:A>G', '29402:G>T']	[14951.0, 58631.0, 23156.0, 120920.0, 130344.0, 26147.0]	[98412.0, 150156.0, 123569.0, 309068.0, 454233.0, 269751.0]	True
B.1.617.3	12	3	0.390467	0.2928793666666667	['24410:G', '27638:T', '29402:G']	['24410:G>A', '27638:T>C', '29402:G>T']	[26147.0, 58631.0, 120920.0]	[269751.0, 150156.0, 309068.0]	False
Kappa	7	2	0.3390975	0.3390975	['25469:C', '27638:T']	['25469:C>T', '27638:T>C']	[120920.0, 130344.0]	[309068.0, 454233.0]	False
Alpha	20	2	0.1959825	0.1959825	['23709:C', '27972:C']	['23709:C>T', '27972:C>T']	[36828.0, 40897.0]	[161507.0, 249467.0]	False
Mu	20	1	0.390467	0.390467	['24410:G']	['24410:G>A']	[58631.0]	[150156.0]	False
A.23.1	12	0	0.0	0.0	[]	[]	[]	[]	False
AV.1	7	0	0.0	0.0	[]	[]	[]	[]	False
B.1.1.318	16	0	0.0	0.0	[]	[]	[]	[]	False
Beta	12	0	0.0	0.0	[]	[]	[]	[]	False
Epsilon	13	0	0.0	0.0	[]	[]	[]	[]	False
Eta	17	0	0.0	0.0	[]	[]	[]	[]	False
Gamma	14	0	0.0	0.0	[]	[]	[]	[]	False
Iota	16	0	0.0	0.0	[]	[]	[]	[]	False
Lambda	12	0	0.0	0.0	[]	[]	[]	[]	False
Theta	15	0	0.0	0.0	[]	[]	[]	[]	False
XBB	13	0	0.0	0.0	[]	[]	[]	[]	False
XBB-parent1	4	0	0.0	0.0	[]	[]	[]	[]	False
XBB-parent2	1	0	0.0	0.0	[]	[]	[]	[]	False
XBB.1	3	0	0.0	0.0	[]	[]	[]	[]	False
XBB.1.16	5	0	0.0	0.0	[]	[]	[]	[]	False
XBB.1.5	3	0	0.0	0.0	[]	[]	[]	[]	False
XE	2	0	0.0	0.0	[]	[]	[]	[]	False
XE-parent1	0	0	0.0	0.0	[]	[]	[]	[]	False
XE-parent2	1	0	0.0	0.0	[]	[]	[]	[]	False
Zeta	6	0	0.0	0.0	[]	[]	[]	[]	False
