label	n_specific_sites	n_minor_supported_sites	minor_median_af	minor_mean_af	minor_supported_sites	minor_supported_mutations	minor_supported_alt_dp	minor_supported_total_dp	passes_minor_rule
Delta	29	5	0.206764	0.21791011999999998	['22227:C', '22813:G', '25469:C', '28461:A', '29402:G']	['22227:C>T', '22813:G>T', '25469:C>T', '28461:A>G', '29402:G>T']	[20132.0, 7267.0, 24321.0, 59261.0, 9666.0]	[55363.0, 47402.0, 117627.0, 207869.0, 119693.0]	True
Omicron	89	3	0.145642	0.14551	['22992:G', '23013:A', '23948:G']	['22992:G>A', '23013:A>C', '23948:G>T']	[13754.0, 13412.0, 8948.0]	[94437.0, 93305.0, 60811.0]	False
Alpha	21	2	0.21210400000000001	0.21210400000000001	['23709:C', '27972:C']	['23709:C>T', '27972:C>T']	[19268.0, 21757.0]	[82237.0, 114565.0]	False
XBB.1	3	1	0.363636	0.363636	['22813:G']	['22813:G>T']	[20132.0]	[55363.0]	False
Kappa	7	1	0.285088	0.285088	['25469:C']	['25469:C>T']	[59261.0]	[207869.0]	False
Iota	18	1	0.145642	0.145642	['22992:G']	['22992:G>A']	[13754.0]	[94437.0]	False
B.1.617.3	12	1	0.0807566	0.0807566	['29402:G']	['29402:G>T']	[9666.0]	[119693.0]	False
A.23.1	12	0	0.0	0.0	[]	[]	[]	[]	False
AV.1	10	0	0.0	0.0	[]	[]	[]	[]	False
B.1.1.318	19	0	0.0	0.0	[]	[]	[]	[]	False
Beta	12	0	0.0	0.0	[]	[]	[]	[]	False
Epsilon	14	0	0.0	0.0	[]	[]	[]	[]	False
Eta	16	0	0.0	0.0	[]	[]	[]	[]	False
Gamma	14	0	0.0	0.0	[]	[]	[]	[]	False
Mu	21	0	0.0	0.0	[]	[]	[]	[]	False
Theta	14	0	0.0	0.0	[]	[]	[]	[]	False
XBB	13	0	0.0	0.0	[]	[]	[]	[]	False
XBB-parent1	6	0	0.0	0.0	[]	[]	[]	[]	False
XBB-parent2	1	0	0.0	0.0	[]	[]	[]	[]	False
XBB.1.16	5	0	0.0	0.0	[]	[]	[]	[]	False
XBB.1.5	4	0	0.0	0.0	[]	[]	[]	[]	False
XE	3	0	0.0	0.0	[]	[]	[]	[]	False
XE-parent1	4	0	0.0	0.0	[]	[]	[]	[]	False
XE-parent2	19	0	0.0	0.0	[]	[]	[]	[]	False
Zeta	6	0	0.0	0.0	[]	[]	[]	[]	False
