label	n_specific_sites	n_minor_supported_sites	minor_median_af	minor_mean_af	minor_supported_sites	minor_supported_mutations	minor_supported_alt_dp	minor_supported_total_dp	passes_minor_rule
Delta	29	5	0.220402	0.2177273	['22227:C', '22813:G', '25469:C', '28461:A', '29402:G']	['22227:C>T', '22813:G>T', '25469:C>T', '28461:A>G', '29402:G>T']	[26568.0, 8088.0, 41891.0, 70745.0, 19029.0]	[69465.0, 71004.0, 190066.0, 250269.0, 213369.0]	True
Omicron	89	3	0.140356	0.150485	['22992:G', '23013:A', '23948:G']	['22992:G>A', '23013:A>C', '23948:G>T']	[10696.0, 10502.0, 6833.0]	[76206.0, 75822.0, 39591.0]	False
Alpha	21	2	0.21524549999999998	0.21524549999999998	['23709:C', '27972:C']	['23709:C>T', '27972:C>T']	[26004.0, 21021.0]	[110835.0, 107320.0]	False
XBB.1	3	1	0.382466	0.382466	['22813:G']	['22813:G>T']	[26568.0]	[69465.0]	False
Kappa	7	1	0.282676	0.282676	['25469:C']	['25469:C>T']	[70745.0]	[250269.0]	False
Iota	18	1	0.140356	0.140356	['22992:G']	['22992:G>A']	[10696.0]	[76206.0]	False
B.1.617.3	12	1	0.0891835	0.0891835	['29402:G']	['29402:G>T']	[19029.0]	[213369.0]	False
A.23.1	12	0	0.0	0.0	[]	[]	[]	[]	False
AV.1	10	0	0.0	0.0	[]	[]	[]	[]	False
B.1.1.318	19	0	0.0	0.0	[]	[]	[]	[]	False
Beta	12	0	0.0	0.0	[]	[]	[]	[]	False
Epsilon	14	0	0.0	0.0	[]	[]	[]	[]	False
Eta	16	0	0.0	0.0	[]	[]	[]	[]	False
Gamma	14	0	0.0	0.0	[]	[]	[]	[]	False
Mu	21	0	0.0	0.0	[]	[]	[]	[]	False
Theta	14	0	0.0	0.0	[]	[]	[]	[]	False
XBB	13	0	0.0	0.0	[]	[]	[]	[]	False
XBB-parent1	6	0	0.0	0.0	[]	[]	[]	[]	False
XBB-parent2	1	0	0.0	0.0	[]	[]	[]	[]	False
XBB.1.16	5	0	0.0	0.0	[]	[]	[]	[]	False
XBB.1.5	4	0	0.0	0.0	[]	[]	[]	[]	False
XE	3	0	0.0	0.0	[]	[]	[]	[]	False
XE-parent1	4	0	0.0	0.0	[]	[]	[]	[]	False
XE-parent2	19	0	0.0	0.0	[]	[]	[]	[]	False
Zeta	6	0	0.0	0.0	[]	[]	[]	[]	False
