label	n_defining_sites	n_major_supported_sites	frac_major_supported_sites	major_supported_sites	major_supported_mutations
Alpha	21	17	0.8095238095238095	['14676:C', '15279:C', '16176:T', '23271:C', '23709:C', '24506:T', '24914:G', '27972:C', '28048:G', '28111:A', '28280:G', '28281:A', '28977:C', '3267:C', '5388:C', '6954:T', '913:C']	['14676:C>T', '15279:C>T', '16176:T>C', '23271:C>A', '23709:C>T', '24506:T>G', '24914:G>C', '27972:C>T', '28048:G>T', '28111:A>G', '28280:G>C', '28281:A>T', '28977:C>T', '3267:C>T', '5388:C>A', '6954:T>C', '913:C>T']
Iota	21	3	0.14285714285714285	['14408:C', '21846:C', '3037:C']	['14408:C>T', '21846:C>T', '3037:C>T']
Mu	23	3	0.13043478260869565	['14408:C', '21846:C', '3037:C']	['14408:C>T', '21846:C>T', '3037:C>T']
Omicron	91	3	0.03296703296703297	['21846:C', '28882:G', '3037:C']	['21846:C>T', '28882:G>A', '3037:C>T']
Epsilon	14	2	0.14285714285714285	['241:C', '3037:C']	['241:C>T', '3037:C>T']
Lambda	14	2	0.14285714285714285	['14408:C', '21786:G']	['14408:C>T', '21786:G>T']
AV.1	10	1	0.1	['21846:C']	['21846:C>T']
Eta	17	1	0.058823529411764705	['14408:C']	['14408:C>T']
B.1.1.318	19	1	0.05263157894736842	['21846:C']	['21846:C>T']
Delta	32	1	0.03125	['14408:C']	['14408:C>T']
XE-parent2	19	0	0.0	[]	[]
Theta	15	0	0.0	[]	[]
Gamma	14	0	0.0	[]	[]
XBB	14	0	0.0	[]	[]
A.23.1	12	0	0.0	[]	[]
B.1.617.3	12	0	0.0	[]	[]
Beta	12	0	0.0	[]	[]
Kappa	7	0	0.0	[]	[]
XBB-parent1	6	0	0.0	[]	[]
Zeta	6	0	0.0	[]	[]
XBB.1.16	5	0	0.0	[]	[]
XBB.1.5	4	0	0.0	[]	[]
XE-parent1	4	0	0.0	[]	[]
XBB.1	3	0	0.0	[]	[]
XE	3	0	0.0	[]	[]
XBB-parent2	1	0	0.0	[]	[]
