label	n_defining_sites	n_major_supported_sites	frac_major_supported_sites	major_supported_sites	major_supported_mutations
Lambda	14	12	0.8571428571428571	['10029:C', '10097:G', '14408:C', '21786:G', '21789:C', '23031:T', '24138:C', '28311:C', '28913:G', '4002:C', '7424:T', '9867:T']	['10029:C>T', '10097:G>A', '14408:C>T', '21786:G>T', '21789:C>T', '23031:T>C', '24138:C>A', '28311:C>T', '28913:G>T', '4002:C>T', '7424:T>G', '9867:T>C']
Omicron	91	4	0.04395604395604396	['10029:C', '28271:A', '28311:C', '28882:G']	['10029:C>T', '28271:A>T', '28311:C>T', '28882:G>A']
Iota	21	3	0.14285714285714285	['14408:C', '28311:C', '9867:T']	['14408:C>T', '28311:C>T', '9867:T>C']
Mu	23	2	0.08695652173913043	['10029:C', '14408:C']	['10029:C>T', '14408:C>T']
Delta	32	2	0.0625	['10029:C', '14408:C']	['10029:C>T', '14408:C>T']
Zeta	6	1	0.16666666666666666	['28253:C']	['28253:C>T']
Epsilon	14	1	0.07142857142857142	['241:C']	['241:C>T']
XBB	14	1	0.07142857142857142	['23031:T']	['23031:T>C']
Theta	15	1	0.06666666666666667	['9867:T']	['9867:T>C']
Eta	17	1	0.058823529411764705	['14408:C']	['14408:C>T']
Alpha	21	0	0.0	[]	[]
B.1.1.318	19	0	0.0	[]	[]
XE-parent2	19	0	0.0	[]	[]
Gamma	14	0	0.0	[]	[]
A.23.1	12	0	0.0	[]	[]
B.1.617.3	12	0	0.0	[]	[]
Beta	12	0	0.0	[]	[]
AV.1	10	0	0.0	[]	[]
Kappa	7	0	0.0	[]	[]
XBB-parent1	6	0	0.0	[]	[]
XBB.1.16	5	0	0.0	[]	[]
XBB.1.5	4	0	0.0	[]	[]
XE-parent1	4	0	0.0	[]	[]
XBB.1	3	0	0.0	[]	[]
XE	3	0	0.0	[]	[]
XBB-parent2	1	0	0.0	[]	[]
