label	n_specific_sites	n_minor_supported_sites	minor_median_af	minor_mean_af	minor_supported_sites	minor_supported_mutations	minor_supported_alt_dp	minor_supported_total_dp	passes_minor_rule
Delta	29	7	0.258926	0.26064172857142853	['22227:C', '22813:G', '24410:G', '25469:C', '27638:T', '28461:A', '29402:G']	['22227:C>T', '22813:G>T', '24410:G>A', '25469:C>T', '27638:T>C', '28461:A>G', '29402:G>T']	[41800.0, 17485.0, 50451.0, 81626.0, 125026.0, 99044.0, 29327.0]	[114353.0, 167745.0, 131870.0, 356418.0, 322526.0, 382518.0, 303749.0]	True
Omicron	89	4	0.1247355	0.1276787	['10449:C', '22992:G', '23013:A', '23948:G']	['10449:C>A', '22992:G>A', '23013:A>C', '23948:G>T']	[18299.0, 17713.0, 13388.0, 5541.0]	[144485.0, 144218.0, 77543.0, 62546.0]	True
B.1.617.3	12	3	0.382581	0.2889257	['24410:G', '27638:T', '29402:G']	['24410:G>A', '27638:T>C', '29402:G>T']	[29327.0, 50451.0, 125026.0]	[303749.0, 131870.0, 322526.0]	False
Kappa	7	2	0.32328599999999996	0.32328599999999996	['25469:C', '27638:T']	['25469:C>T', '27638:T>C']	[125026.0, 99044.0]	[322526.0, 382518.0]	False
Alpha	21	2	0.24969249999999998	0.24969249999999998	['23709:C', '27972:C']	['23709:C>T', '27972:C>T']	[54943.0, 40133.0]	[206828.0, 171700.0]	False
Mu	21	1	0.382581	0.382581	['24410:G']	['24410:G>A']	[50451.0]	[131870.0]	False
XBB.1	3	1	0.365535	0.365535	['22813:G']	['22813:G>T']	[41800.0]	[114353.0]	False
Iota	18	1	0.12665	0.12665	['22992:G']	['22992:G>A']	[18299.0]	[144485.0]	False
A.23.1	12	0	0.0	0.0	[]	[]	[]	[]	False
AV.1	10	0	0.0	0.0	[]	[]	[]	[]	False
B.1.1.318	19	0	0.0	0.0	[]	[]	[]	[]	False
Beta	12	0	0.0	0.0	[]	[]	[]	[]	False
Epsilon	14	0	0.0	0.0	[]	[]	[]	[]	False
Eta	16	0	0.0	0.0	[]	[]	[]	[]	False
Gamma	14	0	0.0	0.0	[]	[]	[]	[]	False
Theta	14	0	0.0	0.0	[]	[]	[]	[]	False
XBB	13	0	0.0	0.0	[]	[]	[]	[]	False
XBB-parent1	6	0	0.0	0.0	[]	[]	[]	[]	False
XBB-parent2	1	0	0.0	0.0	[]	[]	[]	[]	False
XBB.1.16	5	0	0.0	0.0	[]	[]	[]	[]	False
XBB.1.5	4	0	0.0	0.0	[]	[]	[]	[]	False
XE	3	0	0.0	0.0	[]	[]	[]	[]	False
XE-parent1	4	0	0.0	0.0	[]	[]	[]	[]	False
XE-parent2	19	0	0.0	0.0	[]	[]	[]	[]	False
Zeta	6	0	0.0	0.0	[]	[]	[]	[]	False
