label	n_defining_sites	n_major_supported_sites	frac_major_supported_sites	major_supported_sites	major_supported_mutations
Omicron	91	37	0.4065934065934066	['10029:C', '10449:C', '15240:C', '21762:C', '21846:C', '22578:G', '22673:T', '22679:T', '22686:C', '22882:T', '22898:G', '22995:C', '23040:A', '23048:G', '23055:A', '23075:T', '23202:C', '23525:C', '23948:G', '24130:C', '24424:A', '24469:T', '24503:C', '25584:C', '26270:C', '26530:A', '26577:C', '26709:G', '27259:A', '27807:C', '28271:A', '28311:C', '2832:A', '28882:G', '3037:C', '5386:T', '8393:G']	['10029:C>T', '10449:C>A', '15240:C>T', '21762:C>T', '21846:C>T', '22578:G>A', '22673:T>C', '22679:T>C', '22686:C>T', '22882:T>G', '22898:G>A', '22995:C>A', '23040:A>G', '23048:G>A', '23055:A>G', '23075:T>C', '23202:C>A', '23525:C>T', '23948:G>T', '24130:C>A', '24424:A>T', '24469:T>A', '24503:C>T', '25584:C>T', '26270:C>T', '26530:A>G', '26577:C>G', '26709:G>A', '27259:A>C', '27807:C>T', '28271:A>T', '28311:C>T', '2832:A>G', '28882:G>A', '3037:C>T', '5386:T>G', '8393:G>A']
Iota	21	4	0.19047619047619047	['14408:C', '21846:C', '28311:C', '3037:C']	['14408:C>T', '21846:C>T', '28311:C>T', '3037:C>T']
Mu	23	4	0.17391304347826086	['10029:C', '14408:C', '21846:C', '3037:C']	['10029:C>T', '14408:C>T', '21846:C>T', '3037:C>T']
Delta	32	4	0.125	['10029:C', '14408:C', '22813:G', '22995:C']	['10029:C>T', '14408:C>T', '22813:G>T', '22995:C>A']
XE-parent1	4	3	0.75	['2832:A', '5386:T', '8393:G']	['2832:A>G', '5386:T>G', '8393:G>A']
Lambda	14	3	0.21428571428571427	['10029:C', '14408:C', '28311:C']	['10029:C>T', '14408:C>T', '28311:C>T']
XBB-parent1	6	2	0.3333333333333333	['22578:G', '22898:G']	['22578:G>A', '22898:G>A']
AV.1	10	2	0.2	['21846:C', '26709:G']	['21846:C>T', '26709:G>A']
Epsilon	14	2	0.14285714285714285	['241:C', '3037:C']	['241:C>T', '3037:C>T']
XBB.1	3	1	0.3333333333333333	['22813:G']	['22813:G>T']
XE	3	1	0.3333333333333333	['5386:T']	['5386:T>G']
Eta	17	1	0.058823529411764705	['14408:C']	['14408:C>T']
B.1.1.318	19	1	0.05263157894736842	['21846:C']	['21846:C>T']
XE-parent2	19	1	0.05263157894736842	['25584:C']	['25584:C>T']
Alpha	21	0	0.0	[]	[]
Theta	15	0	0.0	[]	[]
Gamma	14	0	0.0	[]	[]
XBB	14	0	0.0	[]	[]
A.23.1	12	0	0.0	[]	[]
B.1.617.3	12	0	0.0	[]	[]
Beta	12	0	0.0	[]	[]
Kappa	7	0	0.0	[]	[]
Zeta	6	0	0.0	[]	[]
XBB.1.16	5	0	0.0	[]	[]
XBB.1.5	4	0	0.0	[]	[]
XBB-parent2	1	0	0.0	[]	[]
