label	n_specific_sites	n_minor_supported_sites	minor_median_af	minor_mean_af	minor_supported_sites	minor_supported_mutations	minor_supported_alt_dp	minor_supported_total_dp	passes_minor_rule
B.1.1.529	26	4	0.1357205	0.1486315	['22992:G', '23013:A', '23948:G', '28311:C']	['22992:G>A', '23013:A>C', '23948:G>T', '28311:C>T']	[1701.0, 3054.0, 1695.0, 15163.0]	[16917.0, 17871.0, 16884.0, 68089.0]	False
AY.1	6	2	0.2434845	0.2434845	['22813:G', '25469:C']	['22813:G>T', '25469:C>T']	[4481.0, 16151.0]	[16893.0, 72847.0]	False
B.1.1.7	21	2	0.239273	0.239273	['23709:C', '27972:C']	['23709:C>T', '27972:C>T']	[9335.0, 11800.0]	[40151.0, 47958.0]	False
B.1.526	15	2	0.161622	0.161622	['22992:G', '28311:C']	['22992:G>A', '28311:C>T']	[1701.0, 15163.0]	[16917.0, 68089.0]	False
XBB.1	3	1	0.265258	0.265258	['22813:G']	['22813:G>T']	[4481.0]	[16893.0]	False
C.37	12	1	0.222694	0.222694	['28311:C']	['28311:C>T']	[15163.0]	[68089.0]	False
B.1.617.1	6	1	0.221711	0.221711	['25469:C']	['25469:C>T']	[16151.0]	[72847.0]	False
B.1.617.2	6	1	0.221711	0.221711	['25469:C']	['25469:C>T']	[16151.0]	[72847.0]	False
AY.4.2	3	1	0.193659	0.193659	['22227:C']	['22227:C>T']	[15680.0]	[80967.0]	False
A.23.1	11	0	0.0	0.0	[]	[]	[]	[]	False
AV.1	9	0	0.0	0.0	[]	[]	[]	[]	False
AY.4	16	0	0.0	0.0	[]	[]	[]	[]	False
B.1.1.318	15	0	0.0	0.0	[]	[]	[]	[]	False
B.1.351	8	0	0.0	0.0	[]	[]	[]	[]	False
B.1.427	7	0	0.0	0.0	[]	[]	[]	[]	False
B.1.429	8	0	0.0	0.0	[]	[]	[]	[]	False
B.1.525	15	0	0.0	0.0	[]	[]	[]	[]	False
B.1.617.3	10	0	0.0	0.0	[]	[]	[]	[]	False
B.1.621	16	0	0.0	0.0	[]	[]	[]	[]	False
BA.1	22	0	0.0	0.0	[]	[]	[]	[]	False
BA.2	10	0	0.0	0.0	[]	[]	[]	[]	False
BA.3	9	0	0.0	0.0	[]	[]	[]	[]	False
BA.4	10	0	0.0	0.0	[]	[]	[]	[]	False
BA.5	7	0	0.0	0.0	[]	[]	[]	[]	False
P.2	6	0	0.0	0.0	[]	[]	[]	[]	False
P.3	15	0	0.0	0.0	[]	[]	[]	[]	False
XBB	13	0	0.0	0.0	[]	[]	[]	[]	False
XBB-parent1	6	0	0.0	0.0	[]	[]	[]	[]	False
XBB-parent2	1	0	0.0	0.0	[]	[]	[]	[]	False
XBB.1.16	5	0	0.0	0.0	[]	[]	[]	[]	False
XBB.1.5	4	0	0.0	0.0	[]	[]	[]	[]	False
XE	3	0	0.0	0.0	[]	[]	[]	[]	False
XE-parent1	4	0	0.0	0.0	[]	[]	[]	[]	False
XE-parent2	4	0	0.0	0.0	[]	[]	[]	[]	False
