label	n_specific_sites	n_minor_supported_sites	minor_median_af	minor_mean_af	minor_supported_sites	minor_supported_mutations	minor_supported_alt_dp	minor_supported_total_dp	passes_minor_rule
AY.1	6	3	0.27149	0.23081966666666665	['22813:G', '25469:C', '28461:A']	['22813:G>T', '25469:C>T', '28461:A>G']	[9805.0, 49390.0, 9176.0]	[31736.0, 181922.0, 81918.0]	False
B.1.1.529	25	3	0.144646	0.14804799999999999	['22992:G', '23013:A', '23948:G']	['22992:G>A', '23013:A>C', '23948:G>T']	[8754.0, 6737.0, 8456.0]	[60520.0, 42407.0, 60128.0]	False
B.1.1.7	21	2	0.2362615	0.2362615	['23709:C', '27972:C']	['23709:C>T', '27972:C>T']	[22304.0, 21845.0]	[98760.0, 88555.0]	False
B.1.617.2	6	2	0.191752	0.191752	['25469:C', '28461:A']	['25469:C>T', '28461:A>G']	[49390.0, 9176.0]	[181922.0, 81918.0]	False
XBB.1	3	1	0.308955	0.308955	['22813:G']	['22813:G>T']	[9805.0]	[31736.0]	False
B.1.617.1	6	1	0.27149	0.27149	['25469:C']	['25469:C>T']	[49390.0]	[181922.0]	False
AY.4.2	3	1	0.196543	0.196543	['22227:C']	['22227:C>T']	[26108.0]	[132836.0]	False
B.1.526	13	1	0.144646	0.144646	['22992:G']	['22992:G>A']	[8754.0]	[60520.0]	False
A.23.1	12	0	0.0	0.0	[]	[]	[]	[]	False
AV.1	9	0	0.0	0.0	[]	[]	[]	[]	False
AY.4	15	0	0.0	0.0	[]	[]	[]	[]	False
B.1.1.318	16	0	0.0	0.0	[]	[]	[]	[]	False
B.1.351	9	0	0.0	0.0	[]	[]	[]	[]	False
B.1.427	7	0	0.0	0.0	[]	[]	[]	[]	False
B.1.429	8	0	0.0	0.0	[]	[]	[]	[]	False
B.1.525	15	0	0.0	0.0	[]	[]	[]	[]	False
B.1.617.3	10	0	0.0	0.0	[]	[]	[]	[]	False
B.1.621	16	0	0.0	0.0	[]	[]	[]	[]	False
BA.1	22	0	0.0	0.0	[]	[]	[]	[]	False
BA.2	10	0	0.0	0.0	[]	[]	[]	[]	False
BA.3	9	0	0.0	0.0	[]	[]	[]	[]	False
BA.4	10	0	0.0	0.0	[]	[]	[]	[]	False
BA.5	7	0	0.0	0.0	[]	[]	[]	[]	False
P.1	14	0	0.0	0.0	[]	[]	[]	[]	False
P.2	6	0	0.0	0.0	[]	[]	[]	[]	False
P.3	14	0	0.0	0.0	[]	[]	[]	[]	False
XBB	12	0	0.0	0.0	[]	[]	[]	[]	False
XBB-parent1	6	0	0.0	0.0	[]	[]	[]	[]	False
XBB-parent2	1	0	0.0	0.0	[]	[]	[]	[]	False
XBB.1.16	5	0	0.0	0.0	[]	[]	[]	[]	False
XBB.1.5	4	0	0.0	0.0	[]	[]	[]	[]	False
XE	3	0	0.0	0.0	[]	[]	[]	[]	False
XE-parent1	4	0	0.0	0.0	[]	[]	[]	[]	False
XE-parent2	4	0	0.0	0.0	[]	[]	[]	[]	False
