label	n_specific_sites	n_minor_supported_sites	minor_median_af	minor_mean_af	minor_supported_sites	minor_supported_mutations	minor_supported_alt_dp	minor_supported_total_dp	passes_minor_rule
AY.1	6	5	0.238116	0.22208959999999997	['22813:G', '22995:C', '25469:C', '28461:A', '29402:G']	['22813:G>T', '22995:C>A', '25469:C>T', '28461:A>G', '29402:G>T']	[12466.0, 6632.0, 72658.0, 14452.0, 20583.0]	[38199.0, 27852.0, 256463.0, 90311.0, 200506.0]	True
B.1.617.2	6	4	0.2216665	0.21808300000000003	['22995:C', '25469:C', '28461:A', '29402:G']	['22995:C>A', '25469:C>T', '28461:A>G', '29402:G>T']	[12466.0, 72658.0, 14452.0, 20583.0]	[38199.0, 256463.0, 90311.0, 200506.0]	False
B.1.1.529	26	4	0.1879305	0.2009695	['22992:G', '22995:C', '23948:G', '28311:C']	['22992:G>A', '22995:C>A', '23948:G>T', '28311:C>T']	[3889.0, 8891.0, 12466.0, 28528.0]	[38250.0, 48133.0, 38199.0, 149249.0]	False
B.1.1.7	21	2	0.19197799999999998	0.19197799999999998	['23709:C', '27972:C']	['23709:C>T', '27972:C>T']	[25365.0, 15056.0]	[101417.0, 112484.0]	False
B.1.526	15	2	0.1464085	0.1464085	['22992:G', '28311:C']	['22992:G>A', '28311:C>T']	[3889.0, 28528.0]	[38250.0, 149249.0]	False
B.1.617.1	6	1	0.283308	0.283308	['25469:C']	['25469:C>T']	[72658.0]	[256463.0]	False
XBB.1	3	1	0.238116	0.238116	['22813:G']	['22813:G>T']	[6632.0]	[27852.0]	False
AY.4.2	3	1	0.226454	0.226454	['22227:C']	['22227:C>T']	[25376.0]	[112058.0]	False
C.37	12	1	0.191144	0.191144	['28311:C']	['28311:C>T']	[28528.0]	[149249.0]	False
B.1.617.3	10	1	0.102655	0.102655	['29402:G']	['29402:G>T']	[20583.0]	[200506.0]	False
A.23.1	11	0	0.0	0.0	[]	[]	[]	[]	False
AV.1	9	0	0.0	0.0	[]	[]	[]	[]	False
AY.4	16	0	0.0	0.0	[]	[]	[]	[]	False
B.1.1.318	15	0	0.0	0.0	[]	[]	[]	[]	False
B.1.351	8	0	0.0	0.0	[]	[]	[]	[]	False
B.1.427	7	0	0.0	0.0	[]	[]	[]	[]	False
B.1.429	8	0	0.0	0.0	[]	[]	[]	[]	False
B.1.525	15	0	0.0	0.0	[]	[]	[]	[]	False
B.1.621	16	0	0.0	0.0	[]	[]	[]	[]	False
BA.1	22	0	0.0	0.0	[]	[]	[]	[]	False
BA.2	10	0	0.0	0.0	[]	[]	[]	[]	False
BA.3	9	0	0.0	0.0	[]	[]	[]	[]	False
BA.4	10	0	0.0	0.0	[]	[]	[]	[]	False
BA.5	7	0	0.0	0.0	[]	[]	[]	[]	False
P.2	6	0	0.0	0.0	[]	[]	[]	[]	False
P.3	15	0	0.0	0.0	[]	[]	[]	[]	False
XBB	13	0	0.0	0.0	[]	[]	[]	[]	False
XBB-parent1	6	0	0.0	0.0	[]	[]	[]	[]	False
XBB-parent2	1	0	0.0	0.0	[]	[]	[]	[]	False
XBB.1.16	5	0	0.0	0.0	[]	[]	[]	[]	False
XBB.1.5	4	0	0.0	0.0	[]	[]	[]	[]	False
XE	3	0	0.0	0.0	[]	[]	[]	[]	False
XE-parent1	4	0	0.0	0.0	[]	[]	[]	[]	False
XE-parent2	4	0	0.0	0.0	[]	[]	[]	[]	False
