label	n_defining_sites	n_major_supported_sites	frac_major_supported_sites	major_supported_sites	major_supported_mutations
B.1.1.7	21	17	0.8095238095238095	['14676:C', '15279:C', '16176:T', '23271:C', '23709:C', '24506:T', '24914:G', '27972:C', '28048:G', '28111:A', '28280:G', '28281:A', '28977:C', '3267:C', '5388:C', '6954:T', '913:C']	['14676:C>T', '15279:C>T', '16176:T>C', '23271:C>A', '23709:C>T', '24506:T>G', '24914:G>C', '27972:C>T', '28048:G>T', '28111:A>G', '28280:G>C', '28281:A>T', '28977:C>T', '3267:C>T', '5388:C>A', '6954:T>C', '913:C>T']
B.1.427	7	1	0.14285714285714285	['241:C']	['241:C>T']
C.37	12	1	0.08333333333333333	['21786:G']	['21786:G>T']
B.1.1.529	26	0	0.0	[]	[]
BA.1	22	0	0.0	[]	[]
AY.4	16	0	0.0	[]	[]
B.1.1.318	16	0	0.0	[]	[]
B.1.621	16	0	0.0	[]	[]
B.1.525	15	0	0.0	[]	[]
B.1.526	15	0	0.0	[]	[]
P.3	15	0	0.0	[]	[]
P.1	14	0	0.0	[]	[]
XBB	13	0	0.0	[]	[]
A.23.1	12	0	0.0	[]	[]
B.1.617.3	10	0	0.0	[]	[]
BA.2	10	0	0.0	[]	[]
BA.4	10	0	0.0	[]	[]
AV.1	9	0	0.0	[]	[]
B.1.351	9	0	0.0	[]	[]
BA.3	9	0	0.0	[]	[]
B.1.429	8	0	0.0	[]	[]
BA.5	7	0	0.0	[]	[]
AY.1	6	0	0.0	[]	[]
B.1.617.1	6	0	0.0	[]	[]
B.1.617.2	6	0	0.0	[]	[]
P.2	6	0	0.0	[]	[]
XBB-parent1	6	0	0.0	[]	[]
XBB.1.16	5	0	0.0	[]	[]
XBB.1.5	4	0	0.0	[]	[]
XE-parent1	4	0	0.0	[]	[]
XE-parent2	4	0	0.0	[]	[]
AY.4.2	3	0	0.0	[]	[]
XBB.1	3	0	0.0	[]	[]
XE	3	0	0.0	[]	[]
XBB-parent2	1	0	0.0	[]	[]
