label	n_specific_sites	n_minor_supported_sites	minor_median_af	minor_mean_af	minor_supported_sites	minor_supported_mutations	minor_supported_alt_dp	minor_supported_total_dp	passes_minor_rule
B.1.1.529	25	3	0.140898	0.14239833333333332	['22992:G', '23013:A', '23948:G']	['22992:G>A', '23013:A>C', '23948:G>T']	[22737.0, 14234.0, 22089.0]	[161372.0, 95981.0, 160069.0]	False
B.1.1.7	21	2	0.23346899999999998	0.23346899999999998	['23709:C', '27972:C']	['23709:C>T', '27972:C>T']	[36698.0, 50769.0]	[150983.0, 226771.0]	False
AY.1	6	2	0.20858100000000002	0.20858100000000002	['25469:C', '28461:A']	['25469:C>T', '28461:A>G']	[112953.0, 10852.0]	[403207.0, 79197.0]	False
B.1.617.2	6	2	0.20858100000000002	0.20858100000000002	['25469:C', '28461:A']	['25469:C>T', '28461:A>G']	[112953.0, 10852.0]	[403207.0, 79197.0]	False
B.1.617.1	6	1	0.280137	0.280137	['25469:C']	['25469:C>T']	[112953.0]	[403207.0]	False
AY.4.2	3	1	0.207366	0.207366	['22227:C']	['22227:C>T']	[50592.0]	[243975.0]	False
B.1.526	13	1	0.140898	0.140898	['22992:G']	['22992:G>A']	[22737.0]	[161372.0]	False
A.23.1	12	0	0.0	0.0	[]	[]	[]	[]	False
AV.1	9	0	0.0	0.0	[]	[]	[]	[]	False
AY.4	15	0	0.0	0.0	[]	[]	[]	[]	False
B.1.1.318	16	0	0.0	0.0	[]	[]	[]	[]	False
B.1.351	9	0	0.0	0.0	[]	[]	[]	[]	False
B.1.427	7	0	0.0	0.0	[]	[]	[]	[]	False
B.1.429	8	0	0.0	0.0	[]	[]	[]	[]	False
B.1.525	15	0	0.0	0.0	[]	[]	[]	[]	False
B.1.617.3	10	0	0.0	0.0	[]	[]	[]	[]	False
B.1.621	16	0	0.0	0.0	[]	[]	[]	[]	False
BA.1	22	0	0.0	0.0	[]	[]	[]	[]	False
BA.2	10	0	0.0	0.0	[]	[]	[]	[]	False
BA.3	9	0	0.0	0.0	[]	[]	[]	[]	False
BA.4	10	0	0.0	0.0	[]	[]	[]	[]	False
BA.5	7	0	0.0	0.0	[]	[]	[]	[]	False
P.1	14	0	0.0	0.0	[]	[]	[]	[]	False
P.2	6	0	0.0	0.0	[]	[]	[]	[]	False
P.3	14	0	0.0	0.0	[]	[]	[]	[]	False
XBB	12	0	0.0	0.0	[]	[]	[]	[]	False
XBB-parent1	6	0	0.0	0.0	[]	[]	[]	[]	False
XBB-parent2	1	0	0.0	0.0	[]	[]	[]	[]	False
XBB.1	3	0	0.0	0.0	[]	[]	[]	[]	False
XBB.1.16	5	0	0.0	0.0	[]	[]	[]	[]	False
XBB.1.5	4	0	0.0	0.0	[]	[]	[]	[]	False
XE	3	0	0.0	0.0	[]	[]	[]	[]	False
XE-parent1	4	0	0.0	0.0	[]	[]	[]	[]	False
XE-parent2	4	0	0.0	0.0	[]	[]	[]	[]	False
