label	n_defining_sites	n_major_supported_sites	frac_major_supported_sites	major_supported_sites	major_supported_mutations
B.1.1.529	26	18	0.6923076923076923	['10449:C', '22578:G', '22679:T', '22686:C', '22882:T', '22995:C', '23055:A', '23075:T', '23525:C', '23948:G', '24424:A', '24469:T', '26270:C', '26577:C', '26709:G', '27259:A', '27807:C', '28311:C']	['10449:C>A', '22578:G>A', '22679:T>C', '22686:C>T', '22882:T>G', '22995:C>A', '23055:A>G', '23075:T>C', '23525:C>T', '23948:G>T', '24424:A>T', '24469:T>A', '26270:C>T', '26577:C>G', '26709:G>A', '27259:A>C', '27807:C>T', '28311:C>T']
BA.1	22	13	0.5909090909090909	['15240:C', '21762:C', '22673:T', '22898:G', '23040:A', '23048:G', '23202:C', '24130:C', '24503:C', '26530:A', '2832:A', '5386:T', '8393:G']	['15240:C>T', '21762:C>T', '22673:T>C', '22898:G>A', '23040:A>G', '23048:G>A', '23202:C>A', '24130:C>A', '24503:C>T', '26530:A>G', '2832:A>G', '5386:T>G', '8393:G>A']
XE-parent1	4	3	0.75	['2832:A', '5386:T', '8393:G']	['2832:A>G', '5386:T>G', '8393:G>A']
BA.3	9	3	0.3333333333333333	['21762:C', '22898:G', '23040:A']	['21762:C>T', '22898:G>A', '23040:A>G']
XBB-parent1	6	2	0.3333333333333333	['22578:G', '22898:G']	['22578:G>A', '22898:G>A']
XE	3	1	0.3333333333333333	['5386:T']	['5386:T>G']
AY.1	6	1	0.16666666666666666	['22995:C']	['22995:C>A']
B.1.617.2	6	1	0.16666666666666666	['22995:C']	['22995:C>A']
B.1.427	7	1	0.14285714285714285	['241:C']	['241:C>T']
AV.1	9	1	0.1111111111111111	['26709:G']	['26709:G>A']
BA.2	10	1	0.1	['23040:A']	['23040:A>G']
C.37	12	1	0.08333333333333333	['28311:C']	['28311:C>T']
B.1.526	15	1	0.06666666666666667	['28311:C']	['28311:C>T']
B.1.1.7	21	0	0.0	[]	[]
AY.4	16	0	0.0	[]	[]
B.1.1.318	16	0	0.0	[]	[]
B.1.621	16	0	0.0	[]	[]
B.1.525	15	0	0.0	[]	[]
P.3	15	0	0.0	[]	[]
P.1	14	0	0.0	[]	[]
XBB	13	0	0.0	[]	[]
A.23.1	12	0	0.0	[]	[]
B.1.617.3	10	0	0.0	[]	[]
BA.4	10	0	0.0	[]	[]
B.1.351	9	0	0.0	[]	[]
B.1.429	8	0	0.0	[]	[]
BA.5	7	0	0.0	[]	[]
B.1.617.1	6	0	0.0	[]	[]
P.2	6	0	0.0	[]	[]
XBB.1.16	5	0	0.0	[]	[]
XBB.1.5	4	0	0.0	[]	[]
XE-parent2	4	0	0.0	[]	[]
AY.4.2	3	0	0.0	[]	[]
XBB.1	3	0	0.0	[]	[]
XBB-parent2	1	0	0.0	[]	[]
