label	n_defining_sites	n_major_supported_sites	frac_major_supported_sites	major_supported_sites	major_supported_mutations
C.37	12	11	0.9166666666666666	['10097:G', '21786:G', '21789:C', '23031:T', '24138:C', '28311:C', '28913:G', '4002:C', '7124:C', '7424:T', '9867:T']	['10097:G>A', '21786:G>T', '21789:C>T', '23031:T>C', '24138:C>A', '28311:C>T', '28913:G>T', '4002:C>T', '7124:C>T', '7424:T>G', '9867:T>C']
B.1.526	15	2	0.13333333333333333	['28311:C', '9867:T']	['28311:C>T', '9867:T>C']
P.2	6	1	0.16666666666666666	['28253:C']	['28253:C>T']
B.1.427	7	1	0.14285714285714285	['241:C']	['241:C>T']
XBB	13	1	0.07692307692307693	['23031:T']	['23031:T>C']
P.3	15	1	0.06666666666666667	['9867:T']	['9867:T>C']
AY.4	16	1	0.0625	['7124:C']	['7124:C>T']
B.1.1.529	26	1	0.038461538461538464	['28311:C']	['28311:C>T']
BA.1	22	0	0.0	[]	[]
B.1.1.7	21	0	0.0	[]	[]
B.1.1.318	16	0	0.0	[]	[]
B.1.621	16	0	0.0	[]	[]
B.1.525	15	0	0.0	[]	[]
P.1	14	0	0.0	[]	[]
A.23.1	12	0	0.0	[]	[]
B.1.617.3	10	0	0.0	[]	[]
BA.2	10	0	0.0	[]	[]
BA.4	10	0	0.0	[]	[]
AV.1	9	0	0.0	[]	[]
B.1.351	9	0	0.0	[]	[]
BA.3	9	0	0.0	[]	[]
B.1.429	8	0	0.0	[]	[]
BA.5	7	0	0.0	[]	[]
AY.1	6	0	0.0	[]	[]
B.1.617.1	6	0	0.0	[]	[]
B.1.617.2	6	0	0.0	[]	[]
XBB-parent1	6	0	0.0	[]	[]
XBB.1.16	5	0	0.0	[]	[]
XBB.1.5	4	0	0.0	[]	[]
XE-parent1	4	0	0.0	[]	[]
XE-parent2	4	0	0.0	[]	[]
AY.4.2	3	0	0.0	[]	[]
XBB.1	3	0	0.0	[]	[]
XE	3	0	0.0	[]	[]
XBB-parent2	1	0	0.0	[]	[]
