label	n_specific_sites	n_minor_supported_sites	minor_median_af	minor_mean_af	minor_supported_sites	minor_supported_mutations	minor_supported_alt_dp	minor_supported_total_dp	passes_minor_rule
AY.1	5	3	0.146288	0.17969833333333332	['25469:C', '28461:A', '29402:G']	['25469:C>T', '28461:A>G', '29402:G>T']	[139624.0, 20286.0, 45348.0]	[495257.0, 138672.0, 408966.0]	False
B.1.617.2	4	3	0.146288	0.17969833333333332	['25469:C', '28461:A', '29402:G']	['25469:C>T', '28461:A>G', '29402:G>T']	[45348.0, 20286.0, 139624.0]	[408966.0, 138672.0, 495257.0]	False
B.1.1.7	21	2	0.19800299999999998	0.19800299999999998	['23709:C', '27972:C']	['23709:C>T', '27972:C>T']	[36261.0, 35444.0]	[152283.0, 224486.0]	False
C.37	11	2	0.1072225	0.1072225	['24138:C', '4002:C']	['24138:C>A', '4002:C>T']	[1957.0, 10294.0]	[17997.0, 97384.0]	False
XBB.1	3	1	0.327854	0.327854	['22786:A']	['22786:A>C']	[9594.0]	[29263.0]	False
XE-parent2	4	1	0.327854	0.327854	['22786:A']	['22786:A>C']	[9594.0]	[29263.0]	False
B.1.617.1	6	1	0.281922	0.281922	['25469:C']	['25469:C>T']	[139624.0]	[495257.0]	False
AY.4.2	3	1	0.200577	0.200577	['22227:C']	['22227:C>T']	[23294.0]	[116135.0]	False
B.1.617.3	10	1	0.110885	0.110885	['29402:G']	['29402:G>T']	[45348.0]	[408966.0]	False
A.23.1	12	0	0.0	0.0	[]	[]	[]	[]	False
AV.1	7	0	0.0	0.0	[]	[]	[]	[]	False
AY.4	16	0	0.0	0.0	[]	[]	[]	[]	False
B.1.1.318	15	0	0.0	0.0	[]	[]	[]	[]	False
B.1.351	9	0	0.0	0.0	[]	[]	[]	[]	False
B.1.427	7	0	0.0	0.0	[]	[]	[]	[]	False
B.1.429	8	0	0.0	0.0	[]	[]	[]	[]	False
B.1.525	15	0	0.0	0.0	[]	[]	[]	[]	False
B.1.526	13	0	0.0	0.0	[]	[]	[]	[]	False
B.1.621	16	0	0.0	0.0	[]	[]	[]	[]	False
BA.1	22	0	0.0	0.0	[]	[]	[]	[]	False
BA.2	10	0	0.0	0.0	[]	[]	[]	[]	False
BA.3	9	0	0.0	0.0	[]	[]	[]	[]	False
BA.4	10	0	0.0	0.0	[]	[]	[]	[]	False
BA.5	7	0	0.0	0.0	[]	[]	[]	[]	False
P.1	14	0	0.0	0.0	[]	[]	[]	[]	False
P.2	6	0	0.0	0.0	[]	[]	[]	[]	False
P.3	15	0	0.0	0.0	[]	[]	[]	[]	False
XBB	13	0	0.0	0.0	[]	[]	[]	[]	False
XBB-parent1	5	0	0.0	0.0	[]	[]	[]	[]	False
XBB-parent2	1	0	0.0	0.0	[]	[]	[]	[]	False
XBB.1.16	5	0	0.0	0.0	[]	[]	[]	[]	False
XBB.1.5	4	0	0.0	0.0	[]	[]	[]	[]	False
XE	3	0	0.0	0.0	[]	[]	[]	[]	False
XE-parent1	4	0	0.0	0.0	[]	[]	[]	[]	False
