label	n_specific_sites	n_minor_supported_sites	minor_median_af	minor_mean_af	minor_supported_sites	minor_supported_mutations	minor_supported_alt_dp	minor_supported_total_dp	passes_minor_rule
P.1	14	4	0.11057600000000001	0.12478175	['12778:C', '21621:C', '5648:A', '733:T']	['12778:C>T', '21621:C>A', '5648:A>C', '733:T>C']	[25859.0, 301.0, 7119.0, 3588.0]	[237700.0, 2851.0, 41294.0, 31932.0]	False
AY.1	5	2	0.284779	0.284779	['25469:C', '28461:A']	['25469:C>T', '28461:A>G']	[87238.0, 15122.0]	[297078.0, 54809.0]	False
B.1.617.2	4	2	0.284779	0.284779	['25469:C', '28461:A']	['25469:C>T', '28461:A>G']	[15122.0, 87238.0]	[54809.0, 297078.0]	False
B.1.1.7	21	2	0.20318	0.20318	['23709:C', '27972:C']	['23709:C>T', '27972:C>T']	[32828.0, 32109.0]	[144911.0, 178561.0]	False
XBB.1	3	1	0.327233	0.327233	['22786:A']	['22786:A>C']	[4524.0]	[13825.0]	False
XE-parent2	4	1	0.327233	0.327233	['22786:A']	['22786:A>C']	[4524.0]	[13825.0]	False
B.1.617.1	6	1	0.293654	0.293654	['25469:C']	['25469:C>T']	[87238.0]	[297078.0]	False
BA.2	10	1	0.284289	0.284289	['9344:C']	['9344:C>T']	[37796.0]	[132949.0]	False
AY.4.2	3	1	0.190815	0.190815	['22227:C']	['22227:C>T']	[16122.0]	[84490.0]	False
A.23.1	12	0	0.0	0.0	[]	[]	[]	[]	False
AV.1	7	0	0.0	0.0	[]	[]	[]	[]	False
AY.4	16	0	0.0	0.0	[]	[]	[]	[]	False
B.1.1.318	15	0	0.0	0.0	[]	[]	[]	[]	False
B.1.351	9	0	0.0	0.0	[]	[]	[]	[]	False
B.1.427	7	0	0.0	0.0	[]	[]	[]	[]	False
B.1.429	8	0	0.0	0.0	[]	[]	[]	[]	False
B.1.525	15	0	0.0	0.0	[]	[]	[]	[]	False
B.1.526	13	0	0.0	0.0	[]	[]	[]	[]	False
B.1.617.3	10	0	0.0	0.0	[]	[]	[]	[]	False
B.1.621	16	0	0.0	0.0	[]	[]	[]	[]	False
BA.1	22	0	0.0	0.0	[]	[]	[]	[]	False
BA.3	9	0	0.0	0.0	[]	[]	[]	[]	False
BA.4	10	0	0.0	0.0	[]	[]	[]	[]	False
BA.5	7	0	0.0	0.0	[]	[]	[]	[]	False
C.37	11	0	0.0	0.0	[]	[]	[]	[]	False
P.2	6	0	0.0	0.0	[]	[]	[]	[]	False
P.3	15	0	0.0	0.0	[]	[]	[]	[]	False
XBB	13	0	0.0	0.0	[]	[]	[]	[]	False
XBB-parent1	5	0	0.0	0.0	[]	[]	[]	[]	False
XBB-parent2	1	0	0.0	0.0	[]	[]	[]	[]	False
XBB.1.16	5	0	0.0	0.0	[]	[]	[]	[]	False
XBB.1.5	4	0	0.0	0.0	[]	[]	[]	[]	False
XE	3	0	0.0	0.0	[]	[]	[]	[]	False
XE-parent1	4	0	0.0	0.0	[]	[]	[]	[]	False
