label	n_specific_sites	n_minor_supported_sites	minor_median_af	minor_mean_af	minor_supported_sites	minor_supported_mutations	minor_supported_alt_dp	minor_supported_total_dp	passes_minor_rule
C.37	11	7	0.129952	0.12657800000000002	['10097:G', '21786:G', '21789:C', '23031:T', '24138:C', '7424:T', '9867:T']	['10097:G>A', '21786:G>T', '21789:C>T', '23031:T>C', '24138:C>A', '7424:T>G', '9867:T>C']	[3087.0, 12156.0, 2654.0, 16322.0, 19901.0, 12023.0, 7541.0]	[23755.0, 117352.0, 16513.0, 112700.0, 152048.0, 116500.0, 66811.0]	True
AY.1	5	2	0.216399	0.216399	['25469:C', '28461:A']	['25469:C>T', '28461:A>G']	[173782.0, 45735.0]	[584251.0, 337892.0]	False
B.1.617.2	4	2	0.216399	0.216399	['25469:C', '28461:A']	['25469:C>T', '28461:A>G']	[45735.0, 173782.0]	[337892.0, 584251.0]	False
B.1.1.7	21	2	0.2007575	0.2007575	['23709:C', '27972:C']	['23709:C>T', '27972:C>T']	[69995.0, 50367.0]	[312317.0, 283917.0]	False
B.1.617.1	6	1	0.297444	0.297444	['25469:C']	['25469:C>T']	[173782.0]	[584251.0]	False
XBB.1	3	1	0.273783	0.273783	['22786:A']	['22786:A>C']	[8300.0]	[30316.0]	False
XE-parent2	4	1	0.273783	0.273783	['22786:A']	['22786:A>C']	[8300.0]	[30316.0]	False
AY.4.2	3	1	0.184589	0.184589	['22227:C']	['22227:C>T']	[29733.0]	[161077.0]	False
XBB	13	1	0.130886	0.130886	['23031:T']	['23031:T>C']	[19901.0]	[152048.0]	False
B.1.526	13	1	0.112871	0.112871	['9867:T']	['9867:T>C']	[7541.0]	[66811.0]	False
P.3	15	1	0.112871	0.112871	['9867:T']	['9867:T>C']	[7541.0]	[66811.0]	False
A.23.1	12	0	0.0	0.0	[]	[]	[]	[]	False
AV.1	7	0	0.0	0.0	[]	[]	[]	[]	False
AY.4	16	0	0.0	0.0	[]	[]	[]	[]	False
B.1.1.318	15	0	0.0	0.0	[]	[]	[]	[]	False
B.1.351	9	0	0.0	0.0	[]	[]	[]	[]	False
B.1.427	7	0	0.0	0.0	[]	[]	[]	[]	False
B.1.429	8	0	0.0	0.0	[]	[]	[]	[]	False
B.1.525	15	0	0.0	0.0	[]	[]	[]	[]	False
B.1.617.3	10	0	0.0	0.0	[]	[]	[]	[]	False
B.1.621	16	0	0.0	0.0	[]	[]	[]	[]	False
BA.1	22	0	0.0	0.0	[]	[]	[]	[]	False
BA.2	10	0	0.0	0.0	[]	[]	[]	[]	False
BA.3	9	0	0.0	0.0	[]	[]	[]	[]	False
BA.4	10	0	0.0	0.0	[]	[]	[]	[]	False
BA.5	7	0	0.0	0.0	[]	[]	[]	[]	False
P.1	14	0	0.0	0.0	[]	[]	[]	[]	False
P.2	6	0	0.0	0.0	[]	[]	[]	[]	False
XBB-parent1	5	0	0.0	0.0	[]	[]	[]	[]	False
XBB-parent2	1	0	0.0	0.0	[]	[]	[]	[]	False
XBB.1.16	5	0	0.0	0.0	[]	[]	[]	[]	False
XBB.1.5	4	0	0.0	0.0	[]	[]	[]	[]	False
XE	3	0	0.0	0.0	[]	[]	[]	[]	False
XE-parent1	4	0	0.0	0.0	[]	[]	[]	[]	False
