label	n_specific_sites	n_minor_supported_sites	minor_median_af	minor_mean_af	minor_supported_sites	minor_supported_mutations	minor_supported_alt_dp	minor_supported_total_dp	passes_minor_rule
B.1.1.529	26	5	0.141763	0.18720140000000002	['22992:G', '22995:C', '23013:A', '23948:G', '28311:C']	['22992:G>A', '22995:C>A', '23013:A>C', '23948:G>T', '28311:C>T']	[6592.0, 11138.0, 6433.0, 21354.0, 49541.0]	[62372.0, 78568.0, 61978.0, 62254.0, 204929.0]	True
AY.1	6	4	0.27527650000000004	0.250049	['22813:G', '22995:C', '25469:C', '28461:A']	['22813:G>T', '22995:C>A', '25469:C>T', '28461:A>G']	[21354.0, 9365.0, 106608.0, 14358.0]	[62254.0, 37114.0, 357479.0, 134654.0]	False
B.1.617.2	6	3	0.298222	0.2492883333333333	['22995:C', '25469:C', '28461:A']	['22995:C>A', '25469:C>T', '28461:A>G']	[21354.0, 106608.0, 14358.0]	[62254.0, 357479.0, 134654.0]	False
B.1.1.7	21	2	0.2098955	0.2098955	['23709:C', '27972:C']	['23709:C>T', '27972:C>T']	[32574.0, 30381.0]	[148345.0, 151747.0]	False
B.1.526	15	2	0.1737175	0.1737175	['22992:G', '28311:C']	['22992:G>A', '28311:C>T']	[6592.0, 49541.0]	[62372.0, 204929.0]	False
B.1.617.1	6	1	0.298222	0.298222	['25469:C']	['25469:C>T']	[106608.0]	[357479.0]	False
XBB.1	3	1	0.252331	0.252331	['22813:G']	['22813:G>T']	[9365.0]	[37114.0]	False
C.37	12	1	0.241747	0.241747	['28311:C']	['28311:C>T']	[49541.0]	[204929.0]	False
AY.4.2	3	1	0.2234	0.2234	['22227:C']	['22227:C>T']	[38053.0]	[170336.0]	False
A.23.1	11	0	0.0	0.0	[]	[]	[]	[]	False
AV.1	9	0	0.0	0.0	[]	[]	[]	[]	False
AY.4	16	0	0.0	0.0	[]	[]	[]	[]	False
B.1.1.318	15	0	0.0	0.0	[]	[]	[]	[]	False
B.1.351	8	0	0.0	0.0	[]	[]	[]	[]	False
B.1.427	7	0	0.0	0.0	[]	[]	[]	[]	False
B.1.429	8	0	0.0	0.0	[]	[]	[]	[]	False
B.1.525	15	0	0.0	0.0	[]	[]	[]	[]	False
B.1.617.3	10	0	0.0	0.0	[]	[]	[]	[]	False
B.1.621	16	0	0.0	0.0	[]	[]	[]	[]	False
BA.1	22	0	0.0	0.0	[]	[]	[]	[]	False
BA.2	10	0	0.0	0.0	[]	[]	[]	[]	False
BA.3	9	0	0.0	0.0	[]	[]	[]	[]	False
BA.4	10	0	0.0	0.0	[]	[]	[]	[]	False
BA.5	7	0	0.0	0.0	[]	[]	[]	[]	False
P.2	6	0	0.0	0.0	[]	[]	[]	[]	False
P.3	15	0	0.0	0.0	[]	[]	[]	[]	False
XBB	13	0	0.0	0.0	[]	[]	[]	[]	False
XBB-parent1	6	0	0.0	0.0	[]	[]	[]	[]	False
XBB-parent2	1	0	0.0	0.0	[]	[]	[]	[]	False
XBB.1.16	5	0	0.0	0.0	[]	[]	[]	[]	False
XBB.1.5	4	0	0.0	0.0	[]	[]	[]	[]	False
XE	3	0	0.0	0.0	[]	[]	[]	[]	False
XE-parent1	4	0	0.0	0.0	[]	[]	[]	[]	False
XE-parent2	4	0	0.0	0.0	[]	[]	[]	[]	False
