label	n_specific_sites	n_minor_supported_sites	minor_median_af	minor_mean_af	minor_supported_sites	minor_supported_mutations	minor_supported_alt_dp	minor_supported_total_dp	passes_minor_rule
AY.1	6	4	0.17938949999999998	0.17501524999999998	['22813:G', '25469:C', '28461:A', '29402:G']	['22813:G>T', '25469:C>T', '28461:A>G', '29402:G>T']	[1126.0, 8598.0, 1959.0, 2233.0]	[4948.0, 36050.0, 14930.0, 21726.0]	False
B.1.1.529	26	4	0.1493855	0.15286450000000001	['22992:G', '23013:A', '23948:G', '28311:C']	['22992:G>A', '23013:A>C', '23948:G>T', '28311:C>T']	[735.0, 1681.0, 753.0, 4968.0]	[6878.0, 8891.0, 6864.0, 24137.0]	False
B.1.617.2	6	3	0.131212	0.157498	['25469:C', '28461:A', '29402:G']	['25469:C>T', '28461:A>G', '29402:G>T']	[8598.0, 1959.0, 2233.0]	[36050.0, 14930.0, 21726.0]	False
B.1.1.7	21	2	0.2458015	0.2458015	['23709:C', '27972:C']	['23709:C>T', '27972:C>T']	[4568.0, 5000.0]	[17146.0, 22204.0]	False
B.1.526	15	2	0.1563435	0.1563435	['22992:G', '28311:C']	['22992:G>A', '28311:C>T']	[735.0, 4968.0]	[6878.0, 24137.0]	False
B.1.617.1	6	1	0.238502	0.238502	['25469:C']	['25469:C>T']	[8598.0]	[36050.0]	False
XBB.1	3	1	0.227567	0.227567	['22813:G']	['22813:G>T']	[1126.0]	[4948.0]	False
C.37	12	1	0.205825	0.205825	['28311:C']	['28311:C>T']	[4968.0]	[24137.0]	False
AY.4.2	3	1	0.196923	0.196923	['22227:C']	['22227:C>T']	[4519.0]	[22948.0]	False
B.1.617.3	10	1	0.10278	0.10278	['29402:G']	['29402:G>T']	[2233.0]	[21726.0]	False
A.23.1	11	0	0.0	0.0	[]	[]	[]	[]	False
AV.1	9	0	0.0	0.0	[]	[]	[]	[]	False
AY.4	16	0	0.0	0.0	[]	[]	[]	[]	False
B.1.1.318	15	0	0.0	0.0	[]	[]	[]	[]	False
B.1.351	8	0	0.0	0.0	[]	[]	[]	[]	False
B.1.427	7	0	0.0	0.0	[]	[]	[]	[]	False
B.1.429	8	0	0.0	0.0	[]	[]	[]	[]	False
B.1.525	15	0	0.0	0.0	[]	[]	[]	[]	False
B.1.621	16	0	0.0	0.0	[]	[]	[]	[]	False
BA.1	22	0	0.0	0.0	[]	[]	[]	[]	False
BA.2	10	0	0.0	0.0	[]	[]	[]	[]	False
BA.3	9	0	0.0	0.0	[]	[]	[]	[]	False
BA.4	10	0	0.0	0.0	[]	[]	[]	[]	False
BA.5	7	0	0.0	0.0	[]	[]	[]	[]	False
P.2	6	0	0.0	0.0	[]	[]	[]	[]	False
P.3	15	0	0.0	0.0	[]	[]	[]	[]	False
XBB	13	0	0.0	0.0	[]	[]	[]	[]	False
XBB-parent1	6	0	0.0	0.0	[]	[]	[]	[]	False
XBB-parent2	1	0	0.0	0.0	[]	[]	[]	[]	False
XBB.1.16	5	0	0.0	0.0	[]	[]	[]	[]	False
XBB.1.5	4	0	0.0	0.0	[]	[]	[]	[]	False
XE	3	0	0.0	0.0	[]	[]	[]	[]	False
XE-parent1	4	0	0.0	0.0	[]	[]	[]	[]	False
XE-parent2	4	0	0.0	0.0	[]	[]	[]	[]	False
