label	n_specific_sites	n_minor_supported_sites	minor_median_af	minor_mean_af	minor_supported_sites	minor_supported_mutations	minor_supported_alt_dp	minor_supported_total_dp	passes_minor_rule
B.1.1.529	25	4	0.1393375	0.13513975	['22992:G', '23013:A', '23525:C', '23948:G']	['22992:G>A', '23013:A>C', '23525:C>T', '23948:G>T']	[5462.0, 2845.0, 5455.0, 4260.0]	[38543.0, 20772.0, 38363.0, 35592.0]	False
AY.1	6	3	0.267949	0.25709566666666667	['22813:G', '25469:C', '28461:A']	['22813:G>T', '25469:C>T', '28461:A>G']	[7757.0, 13197.0, 4897.0]	[22994.0, 49252.0, 29502.0]	False
B.1.1.7	21	2	0.2399945	0.2399945	['23709:C', '27972:C']	['23709:C>T', '27972:C>T']	[11971.0, 14177.0]	[51725.0, 57038.0]	False
B.1.617.2	6	2	0.216969	0.216969	['25469:C', '28461:A']	['25469:C>T', '28461:A>G']	[13197.0, 4897.0]	[49252.0, 29502.0]	False
XBB.1	3	1	0.337349	0.337349	['22813:G']	['22813:G>T']	[7757.0]	[22994.0]	False
B.1.617.1	6	1	0.267949	0.267949	['25469:C']	['25469:C>T']	[13197.0]	[49252.0]	False
B.1.526	13	1	0.141712	0.141712	['22992:G']	['22992:G>A']	[5462.0]	[38543.0]	False
BA.1	22	1	0.132701	0.132701	['11537:A']	['11537:A>G']	[2940.0]	[22155.0]	False
AY.4.2	3	1	0.119132	0.119132	['22227:C']	['22227:C>T']	[5799.0]	[48677.0]	False
A.23.1	12	0	0.0	0.0	[]	[]	[]	[]	False
AV.1	9	0	0.0	0.0	[]	[]	[]	[]	False
AY.4	15	0	0.0	0.0	[]	[]	[]	[]	False
B.1.1.318	16	0	0.0	0.0	[]	[]	[]	[]	False
B.1.351	9	0	0.0	0.0	[]	[]	[]	[]	False
B.1.427	7	0	0.0	0.0	[]	[]	[]	[]	False
B.1.429	8	0	0.0	0.0	[]	[]	[]	[]	False
B.1.525	15	0	0.0	0.0	[]	[]	[]	[]	False
B.1.617.3	10	0	0.0	0.0	[]	[]	[]	[]	False
B.1.621	16	0	0.0	0.0	[]	[]	[]	[]	False
BA.2	10	0	0.0	0.0	[]	[]	[]	[]	False
BA.3	9	0	0.0	0.0	[]	[]	[]	[]	False
BA.4	10	0	0.0	0.0	[]	[]	[]	[]	False
BA.5	7	0	0.0	0.0	[]	[]	[]	[]	False
P.1	14	0	0.0	0.0	[]	[]	[]	[]	False
P.2	6	0	0.0	0.0	[]	[]	[]	[]	False
P.3	14	0	0.0	0.0	[]	[]	[]	[]	False
XBB	12	0	0.0	0.0	[]	[]	[]	[]	False
XBB-parent1	6	0	0.0	0.0	[]	[]	[]	[]	False
XBB-parent2	1	0	0.0	0.0	[]	[]	[]	[]	False
XBB.1.16	5	0	0.0	0.0	[]	[]	[]	[]	False
XBB.1.5	4	0	0.0	0.0	[]	[]	[]	[]	False
XE	3	0	0.0	0.0	[]	[]	[]	[]	False
XE-parent1	4	0	0.0	0.0	[]	[]	[]	[]	False
XE-parent2	4	0	0.0	0.0	[]	[]	[]	[]	False
