label	n_specific_sites	n_minor_supported_sites	minor_median_af	minor_mean_af	minor_supported_sites	minor_supported_mutations	minor_supported_alt_dp	minor_supported_total_dp	passes_minor_rule
AY.1	6	4	0.207802	0.21871825	['22813:G', '22995:C', '25469:C', '28461:A']	['22813:G>T', '22995:C>A', '25469:C>T', '28461:A>G']	[6240.0, 2099.0, 11663.0, 3506.0]	[18213.0, 11165.0, 51242.0, 30054.0]	False
B.1.1.529	26	4	0.198132	0.2097855	['22995:C', '23013:A', '23948:G', '28311:C']	['22995:C>A', '23013:A>C', '23948:G>T', '28311:C>T']	[2905.0, 1812.0, 6240.0, 11470.0]	[19679.0, 18072.0, 18213.0, 46130.0]	False
B.1.617.2	6	3	0.227606	0.22895833333333335	['22995:C', '25469:C', '28461:A']	['22995:C>A', '25469:C>T', '28461:A>G']	[6240.0, 11663.0, 3506.0]	[18213.0, 51242.0, 30054.0]	False
B.1.1.7	21	2	0.202428	0.202428	['23709:C', '27972:C']	['23709:C>T', '27972:C>T']	[10170.0, 14038.0]	[62370.0, 58057.0]	False
B.1.526	15	1	0.248645	0.248645	['28311:C']	['28311:C>T']	[11470.0]	[46130.0]	False
C.37	12	1	0.248645	0.248645	['28311:C']	['28311:C>T']	[11470.0]	[46130.0]	False
B.1.617.1	6	1	0.227606	0.227606	['25469:C']	['25469:C>T']	[11663.0]	[51242.0]	False
XBB.1	3	1	0.187998	0.187998	['22813:G']	['22813:G>T']	[2099.0]	[11165.0]	False
AY.4.2	3	1	0.15182	0.15182	['22227:C']	['22227:C>T']	[19530.0]	[128639.0]	False
A.23.1	11	0	0.0	0.0	[]	[]	[]	[]	False
AV.1	9	0	0.0	0.0	[]	[]	[]	[]	False
AY.4	16	0	0.0	0.0	[]	[]	[]	[]	False
B.1.1.318	15	0	0.0	0.0	[]	[]	[]	[]	False
B.1.351	8	0	0.0	0.0	[]	[]	[]	[]	False
B.1.427	7	0	0.0	0.0	[]	[]	[]	[]	False
B.1.429	8	0	0.0	0.0	[]	[]	[]	[]	False
B.1.525	15	0	0.0	0.0	[]	[]	[]	[]	False
B.1.617.3	10	0	0.0	0.0	[]	[]	[]	[]	False
B.1.621	16	0	0.0	0.0	[]	[]	[]	[]	False
BA.1	22	0	0.0	0.0	[]	[]	[]	[]	False
BA.2	10	0	0.0	0.0	[]	[]	[]	[]	False
BA.3	9	0	0.0	0.0	[]	[]	[]	[]	False
BA.4	10	0	0.0	0.0	[]	[]	[]	[]	False
BA.5	7	0	0.0	0.0	[]	[]	[]	[]	False
P.2	6	0	0.0	0.0	[]	[]	[]	[]	False
P.3	15	0	0.0	0.0	[]	[]	[]	[]	False
XBB	13	0	0.0	0.0	[]	[]	[]	[]	False
XBB-parent1	6	0	0.0	0.0	[]	[]	[]	[]	False
XBB-parent2	1	0	0.0	0.0	[]	[]	[]	[]	False
XBB.1.16	5	0	0.0	0.0	[]	[]	[]	[]	False
XBB.1.5	4	0	0.0	0.0	[]	[]	[]	[]	False
XE	3	0	0.0	0.0	[]	[]	[]	[]	False
XE-parent1	4	0	0.0	0.0	[]	[]	[]	[]	False
XE-parent2	4	0	0.0	0.0	[]	[]	[]	[]	False
