label	n_defining_sites	n_major_supported_sites	frac_major_supported_sites	major_supported_sites	major_supported_mutations
B.1.1.529	26	18	0.6923076923076923	['10449:C', '21987:G', '22578:G', '22679:T', '22686:C', '22995:C', '23055:A', '23075:T', '23525:C', '23948:G', '24424:A', '24469:T', '26270:C', '26577:C', '26709:G', '27259:A', '27807:C', '28311:C']	['10449:C>A', '21987:G>A', '22578:G>A', '22679:T>C', '22686:C>T', '22995:C>A', '23055:A>G', '23075:T>C', '23525:C>T', '23948:G>T', '24424:A>T', '24469:T>A', '26270:C>T', '26577:C>G', '26709:G>A', '27259:A>C', '27807:C>T', '28311:C>T']
BA.2	10	7	0.7	['10198:C', '23040:A', '27382:G', '27383:A', '4321:C', '9424:A', '9866:C']	['10198:C>T', '23040:A>G', '27382:G>C', '27383:A>T', '4321:C>T', '9424:A>G', '9866:C>T']
BA.4	10	4	0.4	['10198:C', '27382:G', '27383:A', '4321:C']	['10198:C>T', '27382:G>C', '27383:A>T', '4321:C>T']
XE-parent2	4	3	0.75	['22786:A', '27382:G', '27383:A']	['22786:A>C', '27382:G>C', '27383:A>T']
B.1.617.2	6	2	0.3333333333333333	['21987:G', '22995:C']	['21987:G>A', '22995:C>A']
BA.5	7	2	0.2857142857142857	['10198:C', '4321:C']	['10198:C>T', '4321:C>T']
AV.1	9	2	0.2222222222222222	['21987:G', '26709:G']	['21987:G>A', '26709:G>A']
XBB.1	3	1	0.3333333333333333	['22786:A']	['22786:A>C']
AY.1	6	1	0.16666666666666666	['22995:C']	['22995:C>A']
XBB-parent1	6	1	0.16666666666666666	['22578:G']	['22578:G>A']
B.1.427	7	1	0.14285714285714285	['241:C']	['241:C>T']
BA.3	9	1	0.1111111111111111	['23040:A']	['23040:A>G']
B.1.617.3	10	1	0.1	['27384:T']	['27384:T>C']
A.23.1	12	1	0.08333333333333333	['22033:C']	['22033:C>A']
C.37	12	1	0.08333333333333333	['28311:C']	['28311:C>T']
B.1.525	15	1	0.06666666666666667	['9565:C']	['9565:C>T']
B.1.526	15	1	0.06666666666666667	['28311:C']	['28311:C>T']
BA.1	22	1	0.045454545454545456	['23040:A']	['23040:A>G']
B.1.1.7	21	0	0.0	[]	[]
AY.4	16	0	0.0	[]	[]
B.1.1.318	16	0	0.0	[]	[]
B.1.621	16	0	0.0	[]	[]
P.3	15	0	0.0	[]	[]
P.1	14	0	0.0	[]	[]
XBB	13	0	0.0	[]	[]
B.1.351	9	0	0.0	[]	[]
B.1.429	8	0	0.0	[]	[]
B.1.617.1	6	0	0.0	[]	[]
P.2	6	0	0.0	[]	[]
XBB.1.16	5	0	0.0	[]	[]
XBB.1.5	4	0	0.0	[]	[]
XE-parent1	4	0	0.0	[]	[]
AY.4.2	3	0	0.0	[]	[]
XE	3	0	0.0	[]	[]
XBB-parent2	1	0	0.0	[]	[]
