label	n_specific_sites	n_minor_supported_sites	minor_median_af	minor_mean_af	minor_supported_sites	minor_supported_mutations	minor_supported_alt_dp	minor_supported_total_dp	passes_minor_rule
AY.1	5	3	0.165035	0.194057	['25469:C', '28461:A', '29402:G']	['25469:C>T', '28461:A>G', '29402:G>T']	[107897.0, 30171.0, 36525.0]	[342889.0, 182816.0, 356458.0]	False
B.1.617.2	4	3	0.165035	0.194057	['25469:C', '28461:A', '29402:G']	['25469:C>T', '28461:A>G', '29402:G>T']	[36525.0, 30171.0, 107897.0]	[356458.0, 182816.0, 342889.0]	False
B.1.1.7	21	2	0.21405200000000002	0.21405200000000002	['23709:C', '27972:C']	['23709:C>T', '27972:C>T']	[32983.0, 31384.0]	[138042.0, 165905.0]	False
B.1.617.1	6	1	0.31467	0.31467	['25469:C']	['25469:C>T']	[107897.0]	[342889.0]	False
B.1.621	16	1	0.287324	0.287324	['22599:G']	['22599:G>A']	[4234.0]	[14736.0]	False
BA.1	22	1	0.216918	0.216918	['13195:T']	['13195:T>C']	[23487.0]	[108276.0]	False
AY.4.2	3	1	0.161932	0.161932	['22227:C']	['22227:C>T']	[8471.0]	[52312.0]	False
B.1.617.3	10	1	0.102466	0.102466	['29402:G']	['29402:G>T']	[36525.0]	[356458.0]	False
A.23.1	12	0	0.0	0.0	[]	[]	[]	[]	False
AV.1	7	0	0.0	0.0	[]	[]	[]	[]	False
AY.4	16	0	0.0	0.0	[]	[]	[]	[]	False
B.1.1.318	15	0	0.0	0.0	[]	[]	[]	[]	False
B.1.351	9	0	0.0	0.0	[]	[]	[]	[]	False
B.1.427	7	0	0.0	0.0	[]	[]	[]	[]	False
B.1.429	8	0	0.0	0.0	[]	[]	[]	[]	False
B.1.525	15	0	0.0	0.0	[]	[]	[]	[]	False
B.1.526	13	0	0.0	0.0	[]	[]	[]	[]	False
BA.2	10	0	0.0	0.0	[]	[]	[]	[]	False
BA.3	9	0	0.0	0.0	[]	[]	[]	[]	False
BA.4	10	0	0.0	0.0	[]	[]	[]	[]	False
BA.5	7	0	0.0	0.0	[]	[]	[]	[]	False
C.37	11	0	0.0	0.0	[]	[]	[]	[]	False
P.1	14	0	0.0	0.0	[]	[]	[]	[]	False
P.2	6	0	0.0	0.0	[]	[]	[]	[]	False
P.3	15	0	0.0	0.0	[]	[]	[]	[]	False
XBB	13	0	0.0	0.0	[]	[]	[]	[]	False
XBB-parent1	5	0	0.0	0.0	[]	[]	[]	[]	False
XBB-parent2	1	0	0.0	0.0	[]	[]	[]	[]	False
XBB.1	3	0	0.0	0.0	[]	[]	[]	[]	False
XBB.1.16	5	0	0.0	0.0	[]	[]	[]	[]	False
XBB.1.5	4	0	0.0	0.0	[]	[]	[]	[]	False
XE	3	0	0.0	0.0	[]	[]	[]	[]	False
XE-parent1	4	0	0.0	0.0	[]	[]	[]	[]	False
XE-parent2	4	0	0.0	0.0	[]	[]	[]	[]	False
