label	n_defining_sites	n_major_supported_sites	frac_major_supported_sites	major_supported_sites	major_supported_mutations
P.1	14	9	0.6428571428571429	['12778:C', '13860:C', '21621:C', '21638:C', '28167:G', '28512:C', '3828:C', '5648:A', '733:T']	['12778:C>T', '13860:C>T', '21621:C>A', '21638:C>T', '28167:G>A', '28512:C>G', '3828:C>T', '5648:A>C', '733:T>C']
B.1.427	7	1	0.14285714285714285	['241:C']	['241:C>T']
A.23.1	12	1	0.08333333333333333	['28167:G']	['28167:G>A']
P.3	15	1	0.06666666666666667	['25088:G']	['25088:G>T']
B.1.1.529	26	1	0.038461538461538464	['23525:C']	['23525:C>T']
BA.1	22	0	0.0	[]	[]
B.1.1.7	21	0	0.0	[]	[]
AY.4	16	0	0.0	[]	[]
B.1.1.318	16	0	0.0	[]	[]
B.1.621	16	0	0.0	[]	[]
B.1.525	15	0	0.0	[]	[]
B.1.526	15	0	0.0	[]	[]
XBB	13	0	0.0	[]	[]
C.37	12	0	0.0	[]	[]
B.1.617.3	10	0	0.0	[]	[]
BA.2	10	0	0.0	[]	[]
BA.4	10	0	0.0	[]	[]
AV.1	9	0	0.0	[]	[]
B.1.351	9	0	0.0	[]	[]
BA.3	9	0	0.0	[]	[]
B.1.429	8	0	0.0	[]	[]
BA.5	7	0	0.0	[]	[]
AY.1	6	0	0.0	[]	[]
B.1.617.1	6	0	0.0	[]	[]
B.1.617.2	6	0	0.0	[]	[]
P.2	6	0	0.0	[]	[]
XBB-parent1	6	0	0.0	[]	[]
XBB.1.16	5	0	0.0	[]	[]
XBB.1.5	4	0	0.0	[]	[]
XE-parent1	4	0	0.0	[]	[]
XE-parent2	4	0	0.0	[]	[]
AY.4.2	3	0	0.0	[]	[]
XBB.1	3	0	0.0	[]	[]
XE	3	0	0.0	[]	[]
XBB-parent2	1	0	0.0	[]	[]
