,Omicron,Lambda
0.025,0.9549583265449051,0.004942683897130063
0.05,0.9552613064311848,0.005103876275069349
0.25,0.9559365346469523,0.005385764759951093
0.5,0.9565932219460039,0.0056368205568861525
0.75,0.9571260273559002,0.005887674358249553
0.95,0.9579837521654564,0.006178495360478975
0.975,0.9581292191304625,0.006422162944542768
