lineage	n_defining_sites	n_major_supported	frac_major_supported	major_supported_mutations
B.1.1.529	37	24	0.6486486486486487	['10029:C>T', '10449:C>A', '22578:G>A', '22679:T>C', '22686:C>T', '22882:T>G', '22995:C>A', '23055:A>G', '23063:A>T', '23075:T>C', '23403:A>G', '23525:C>T', '23604:C>A', '23948:G>T', '24424:A>T', '24469:T>A', '26270:C>T', '26577:C>G', '26709:G>A', '27259:A>C', '27807:C>T', '28271:A>T', '28311:C>T', '3037:C>T']
BA.1	33	19	0.5757575757575758	['15240:C>T', '21762:C>T', '21846:C>T', '22673:T>C', '22674:C>T', '22898:G>A', '23040:A>G', '23048:G>A', '23202:C>A', '24130:C>A', '24503:C>T', '25584:C>T', '26530:A>G', '2832:A>G', '28881:G>A', '28882:G>A', '28883:G>C', '5386:T>G', '8393:G>A']
B.1.621	28	7	0.25	['10029:C>T', '14408:C>T', '21846:C>T', '23063:A>T', '23403:A>G', '23604:C>A', '3037:C>T']
BA.3	28	7	0.25	['21762:C>T', '22674:C>T', '22898:G>A', '23040:A>G', '28881:G>A', '28882:G>A', '28883:G>C']
AV.1	17	6	0.35294117647058826	['21846:C>T', '23403:A>G', '23604:C>A', '26709:G>A', '28881:G>A', '28883:G>C']
C.37	20	6	0.3	['10029:C>T', '14408:C>T', '23403:A>G', '28311:C>T', '28881:G>A', '28883:G>C']
BA.2	43	6	0.13953488372093023	['22674:C>T', '23040:A>G', '25584:C>T', '28881:G>A', '28882:G>A', '28883:G>C']
B.1.526	29	5	0.1724137931034483	['14408:C>T', '21846:C>T', '23403:A>G', '28311:C>T', '3037:C>T']
BA.5	40	5	0.125	['22674:C>T', '25584:C>T', '28881:G>A', '28882:G>A', '28883:G>C']
BA.4	44	5	0.11363636363636363	['22674:C>T', '25584:C>T', '28881:G>A', '28882:G>A', '28883:G>C']
XE-parent1	4	3	0.75	['2832:A>G', '5386:T>G', '8393:G>A']
B.1.427	15	3	0.2	['23403:A>G', '241:C>T', '3037:C>T']
XBB-parent1	7	2	0.2857142857142857	['22578:G>A', '22898:G>A']
B.1.429	16	2	0.125	['23403:A>G', '3037:C>T']
P.3	19	2	0.10526315789473684	['23063:A>T', '23604:C>A']
AY.4	20	2	0.1	['10029:C>T', '14408:C>T']
B.1.1.318	22	2	0.09090909090909091	['21846:C>T', '23604:C>A']
B.1.1.7	25	2	0.08	['23063:A>T', '23604:C>A']
XE-parent2	28	2	0.07142857142857142	['22674:C>T', '25584:C>T']
XE	5	1	0.2	['5386:T>G']
B.1.617.2	13	1	0.07692307692307693	['22995:C>A']
AY.1	14	1	0.07142857142857142	['22995:C>A']
B.1.351	16	1	0.0625	['23063:A>T']
P.1	16	1	0.0625	['23063:A>T']
B.1.525	21	1	0.047619047619047616	['14408:C>T']
A.23.1	21	0	0.0	[]
B.1.617.3	17	0	0.0	[]
XBB	15	0	0.0	[]
B.1.617.1	11	0	0.0	[]
P.2	9	0	0.0	[]
XBB.1	5	0	0.0	[]
XBB.1.16	5	0	0.0	[]
XBB.1.5	4	0	0.0	[]
AY.4.2	3	0	0.0	[]
XBB-parent2	1	0	0.0	[]
