lineage	n_defining_sites	n_major_supported	frac_major_supported	major_supported_mutations
B.1.427	15	4	0.26666666666666666	['23403:A>G', '241:C>T', '26681:C>T', '3037:C>T']
C.37	20	4	0.2	['14408:C>T', '23403:A>G', '28881:G>A', '28883:G>C']
B.1.429	16	3	0.1875	['23403:A>G', '26681:C>T', '3037:C>T']
AV.1	17	3	0.17647058823529413	['23403:A>G', '28881:G>A', '28883:G>C']
B.1.621	28	3	0.10714285714285714	['14408:C>T', '23403:A>G', '3037:C>T']
BA.3	28	3	0.10714285714285714	['28881:G>A', '28882:G>A', '28883:G>C']
B.1.526	29	3	0.10344827586206896	['14408:C>T', '23403:A>G', '3037:C>T']
BA.1	33	3	0.09090909090909091	['28881:G>A', '28882:G>A', '28883:G>C']
BA.5	40	3	0.075	['28881:G>A', '28882:G>A', '28883:G>C']
BA.2	43	3	0.06976744186046512	['28881:G>A', '28882:G>A', '28883:G>C']
BA.4	44	3	0.06818181818181818	['28881:G>A', '28882:G>A', '28883:G>C']
B.1.1.529	37	2	0.05405405405405406	['23403:A>G', '3037:C>T']
AY.4	20	1	0.05	['14408:C>T']
B.1.525	21	1	0.047619047619047616	['14408:C>T']
XE-parent2	28	0	0.0	[]
B.1.1.7	25	0	0.0	[]
B.1.1.318	22	0	0.0	[]
A.23.1	21	0	0.0	[]
P.3	19	0	0.0	[]
B.1.617.3	17	0	0.0	[]
B.1.351	16	0	0.0	[]
P.1	16	0	0.0	[]
XBB	15	0	0.0	[]
AY.1	14	0	0.0	[]
B.1.617.2	13	0	0.0	[]
B.1.617.1	11	0	0.0	[]
P.2	9	0	0.0	[]
XBB-parent1	7	0	0.0	[]
XBB.1	5	0	0.0	[]
XBB.1.16	5	0	0.0	[]
XE	5	0	0.0	[]
XBB.1.5	4	0	0.0	[]
XE-parent1	4	0	0.0	[]
AY.4.2	3	0	0.0	[]
XBB-parent2	1	0	0.0	[]
