lineage	n_defining_sites	n_major_supported	frac_major_supported	major_supported_mutations
P.1	16	9	0.5625	['12778:C>T', '21621:C>A', '21638:C>T', '23063:A>T', '28167:G>A', '28512:C>G', '3828:C>T', '5648:A>C', '733:T>C']
B.1.621	28	4	0.14285714285714285	['14408:C>T', '23063:A>T', '23403:A>G', '3037:C>T']
B.1.1.529	37	4	0.10810810810810811	['23063:A>T', '23403:A>G', '23525:C>T', '3037:C>T']
B.1.427	15	3	0.2	['23403:A>G', '241:C>T', '3037:C>T']
B.1.526	29	3	0.10344827586206896	['14408:C>T', '23403:A>G', '3037:C>T']
B.1.429	16	2	0.125	['23403:A>G', '3037:C>T']
P.3	19	2	0.10526315789473684	['23063:A>T', '25088:G>T']
C.37	20	2	0.1	['14408:C>T', '23403:A>G']
B.1.351	16	1	0.0625	['23063:A>T']
AV.1	17	1	0.058823529411764705	['23403:A>G']
AY.4	20	1	0.05	['14408:C>T']
A.23.1	21	1	0.047619047619047616	['28167:G>A']
B.1.525	21	1	0.047619047619047616	['14408:C>T']
B.1.1.7	25	1	0.04	['23063:A>T']
BA.4	44	0	0.0	[]
BA.2	43	0	0.0	[]
BA.5	40	0	0.0	[]
BA.1	33	0	0.0	[]
BA.3	28	0	0.0	[]
XE-parent2	28	0	0.0	[]
B.1.1.318	22	0	0.0	[]
B.1.617.3	17	0	0.0	[]
XBB	15	0	0.0	[]
AY.1	14	0	0.0	[]
B.1.617.2	13	0	0.0	[]
B.1.617.1	11	0	0.0	[]
P.2	9	0	0.0	[]
XBB-parent1	7	0	0.0	[]
XBB.1	5	0	0.0	[]
XBB.1.16	5	0	0.0	[]
XE	5	0	0.0	[]
XBB.1.5	4	0	0.0	[]
XE-parent1	4	0	0.0	[]
AY.4.2	3	0	0.0	[]
XBB-parent2	1	0	0.0	[]
