lineage	n_defining_sites	n_major_supported	frac_major_supported	major_supported_mutations
B.1.1.7	25	19	0.76	['14676:C>T', '15279:C>T', '16176:T>C', '23063:A>T', '23271:C>A', '23604:C>A', '23709:C>T', '24506:T>G', '24914:G>C', '27972:C>T', '28048:G>T', '28111:A>G', '28280:G>C', '28281:A>T', '28977:C>T', '3267:C>T', '5388:C>A', '6954:T>C', '913:C>T']
B.1.621	28	6	0.21428571428571427	['14408:C>T', '21846:C>T', '23063:A>T', '23403:A>G', '23604:C>A', '3037:C>T']
AV.1	17	5	0.29411764705882354	['21846:C>T', '23403:A>G', '23604:C>A', '28881:G>A', '28883:G>C']
C.37	20	5	0.25	['14408:C>T', '21786:G>T', '23403:A>G', '28881:G>A', '28883:G>C']
B.1.526	29	4	0.13793103448275862	['14408:C>T', '21846:C>T', '23403:A>G', '3037:C>T']
BA.1	33	4	0.12121212121212122	['21846:C>T', '28881:G>A', '28882:G>A', '28883:G>C']
B.1.1.529	37	4	0.10810810810810811	['23063:A>T', '23403:A>G', '23604:C>A', '3037:C>T']
B.1.427	15	3	0.2	['23403:A>G', '241:C>T', '3037:C>T']
BA.3	28	3	0.10714285714285714	['28881:G>A', '28882:G>A', '28883:G>C']
BA.5	40	3	0.075	['28881:G>A', '28882:G>A', '28883:G>C']
BA.2	43	3	0.06976744186046512	['28881:G>A', '28882:G>A', '28883:G>C']
BA.4	44	3	0.06818181818181818	['28881:G>A', '28882:G>A', '28883:G>C']
B.1.429	16	2	0.125	['23403:A>G', '3037:C>T']
P.3	19	2	0.10526315789473684	['23063:A>T', '23604:C>A']
B.1.1.318	22	2	0.09090909090909091	['21846:C>T', '23604:C>A']
B.1.351	16	1	0.0625	['23063:A>T']
P.1	16	1	0.0625	['23063:A>T']
AY.4	20	1	0.05	['14408:C>T']
B.1.525	21	1	0.047619047619047616	['14408:C>T']
XE-parent2	28	0	0.0	[]
A.23.1	21	0	0.0	[]
B.1.617.3	17	0	0.0	[]
XBB	15	0	0.0	[]
AY.1	14	0	0.0	[]
B.1.617.2	13	0	0.0	[]
B.1.617.1	11	0	0.0	[]
P.2	9	0	0.0	[]
XBB-parent1	7	0	0.0	[]
XBB.1	5	0	0.0	[]
XBB.1.16	5	0	0.0	[]
XE	5	0	0.0	[]
XBB.1.5	4	0	0.0	[]
XE-parent1	4	0	0.0	[]
AY.4.2	3	0	0.0	[]
XBB-parent2	1	0	0.0	[]
