lineage	n_defining_sites	n_major_supported	frac_major_supported	major_supported_mutations
B.1.1.529	37	21	0.5675675675675675	['10029:C>T', '10449:C>A', '21987:G>A', '22578:G>A', '22995:C>A', '23055:A>G', '23063:A>T', '23075:T>C', '23403:A>G', '23525:C>T', '23604:C>A', '23948:G>T', '24424:A>T', '24469:T>A', '26270:C>T', '26577:C>G', '26709:G>A', '27807:C>T', '28271:A>T', '28311:C>T', '3037:C>T']
BA.2	43	11	0.2558139534883721	['10198:C>T', '10447:G>A', '22200:T>G', '22674:C>T', '25584:C>T', '26060:C>T', '26858:C>T', '29510:A>C', '4184:G>A', '9534:C>T', '9866:C>T']
BA.4	44	10	0.22727272727272727	['10198:C>T', '10447:G>A', '22200:T>G', '22674:C>T', '25584:C>T', '26060:C>T', '26858:C>T', '29510:A>C', '4184:G>A', '9534:C>T']
BA.5	40	9	0.225	['10198:C>T', '10447:G>A', '22200:T>G', '22674:C>T', '25584:C>T', '26060:C>T', '29510:A>C', '4184:G>A', '9534:C>T']
BA.3	28	7	0.25	['10447:G>A', '22674:C>T', '26060:C>T', '26858:C>T', '29510:A>C', '4184:G>A', '9534:C>T']
B.1.621	28	6	0.21428571428571427	['10029:C>T', '14408:C>T', '23063:A>T', '23403:A>G', '23604:C>A', '3037:C>T']
XE-parent2	28	6	0.21428571428571427	['22200:T>G', '22674:C>T', '25584:C>T', '26060:C>T', '26858:C>T', '29510:A>C']
AV.1	17	4	0.23529411764705882	['21987:G>A', '23403:A>G', '23604:C>A', '26709:G>A']
C.37	20	4	0.2	['10029:C>T', '14408:C>T', '23403:A>G', '28311:C>T']
B.1.526	29	4	0.13793103448275862	['14408:C>T', '23403:A>G', '28311:C>T', '3037:C>T']
B.1.427	15	3	0.2	['23403:A>G', '241:C>T', '3037:C>T']
B.1.617.2	13	2	0.15384615384615385	['21987:G>A', '22995:C>A']
B.1.429	16	2	0.125	['23403:A>G', '3037:C>T']
P.3	19	2	0.10526315789473684	['23063:A>T', '23604:C>A']
AY.4	20	2	0.1	['10029:C>T', '14408:C>T']
B.1.1.7	25	2	0.08	['23063:A>T', '23604:C>A']
BA.1	33	2	0.06060606060606061	['22674:C>T', '25584:C>T']
XE	5	1	0.2	['29510:A>C']
XBB-parent1	7	1	0.14285714285714285	['22578:G>A']
AY.1	14	1	0.07142857142857142	['22995:C>A']
B.1.351	16	1	0.0625	['23063:A>T']
P.1	16	1	0.0625	['23063:A>T']
B.1.525	21	1	0.047619047619047616	['14408:C>T']
B.1.1.318	22	1	0.045454545454545456	['23604:C>A']
A.23.1	21	0	0.0	[]
B.1.617.3	17	0	0.0	[]
XBB	15	0	0.0	[]
B.1.617.1	11	0	0.0	[]
P.2	9	0	0.0	[]
XBB.1	5	0	0.0	[]
XBB.1.16	5	0	0.0	[]
XBB.1.5	4	0	0.0	[]
XE-parent1	4	0	0.0	[]
AY.4.2	3	0	0.0	[]
XBB-parent2	1	0	0.0	[]
