lineage	n_defining_sites	n_major_supported	frac_major_supported	major_supported_mutations
C.37	20	17	0.85	['10029:C>T', '10097:G>A', '14408:C>T', '21786:G>T', '21789:C>T', '22917:T>A', '23031:T>C', '23403:A>G', '24138:C>A', '28311:C>T', '28881:G>A', '28883:G>C', '28913:G>T', '4002:C>T', '7124:C>T', '7424:T>G', '9867:T>C']
B.1.526	29	5	0.1724137931034483	['14408:C>T', '23403:A>G', '28311:C>T', '3037:C>T', '9867:T>C']
B.1.1.529	37	5	0.13513513513513514	['10029:C>T', '23403:A>G', '28271:A>T', '28311:C>T', '3037:C>T']
B.1.621	28	4	0.14285714285714285	['10029:C>T', '14408:C>T', '23403:A>G', '3037:C>T']
B.1.427	15	3	0.2	['23403:A>G', '241:C>T', '3037:C>T']
AV.1	17	3	0.17647058823529413	['23403:A>G', '28881:G>A', '28883:G>C']
AY.4	20	3	0.15	['10029:C>T', '14408:C>T', '7124:C>T']
BA.3	28	3	0.10714285714285714	['28881:G>A', '28882:G>A', '28883:G>C']
BA.1	33	3	0.09090909090909091	['28881:G>A', '28882:G>A', '28883:G>C']
BA.5	40	3	0.075	['28881:G>A', '28882:G>A', '28883:G>C']
BA.2	43	3	0.06976744186046512	['28881:G>A', '28882:G>A', '28883:G>C']
BA.4	44	3	0.06818181818181818	['28881:G>A', '28882:G>A', '28883:G>C']
B.1.429	16	2	0.125	['23403:A>G', '3037:C>T']
XBB	15	1	0.06666666666666667	['23031:T>C']
P.3	19	1	0.05263157894736842	['9867:T>C']
B.1.525	21	1	0.047619047619047616	['14408:C>T']
XE-parent2	28	0	0.0	[]
B.1.1.7	25	0	0.0	[]
B.1.1.318	22	0	0.0	[]
A.23.1	21	0	0.0	[]
B.1.617.3	17	0	0.0	[]
B.1.351	16	0	0.0	[]
P.1	16	0	0.0	[]
AY.1	14	0	0.0	[]
B.1.617.2	13	0	0.0	[]
B.1.617.1	11	0	0.0	[]
P.2	9	0	0.0	[]
XBB-parent1	7	0	0.0	[]
XBB.1	5	0	0.0	[]
XBB.1.16	5	0	0.0	[]
XE	5	0	0.0	[]
XBB.1.5	4	0	0.0	[]
XE-parent1	4	0	0.0	[]
AY.4.2	3	0	0.0	[]
XBB-parent2	1	0	0.0	[]
