lineage	n_defining_sites	n_major_supported	frac_major_supported	major_supported_mutations
B.1.427	15	10	0.6666666666666666	['1059:C>T', '22018:G>T', '22917:T>G', '23403:A>G', '241:C>T', '25563:G>T', '26681:C>T', '28272:A>T', '28887:C>T', '3037:C>T']
B.1.429	16	9	0.5625	['1059:C>T', '22018:G>T', '22917:T>G', '23403:A>G', '25563:G>T', '26681:C>T', '28272:A>T', '28887:C>T', '3037:C>T']
B.1.621	28	6	0.21428571428571427	['14408:C>T', '23403:A>G', '25563:G>T', '28272:A>T', '28887:C>T', '3037:C>T']
B.1.526	29	5	0.1724137931034483	['1059:C>T', '14408:C>T', '23403:A>G', '25563:G>T', '3037:C>T']
B.1.351	16	3	0.1875	['1059:C>T', '25563:G>T', '28887:C>T']
C.37	20	2	0.1	['14408:C>T', '23403:A>G']
B.1.1.529	37	2	0.05405405405405406	['23403:A>G', '3037:C>T']
B.1.617.1	11	1	0.09090909090909091	['22917:T>G']
B.1.617.2	13	1	0.07692307692307693	['22917:T>G']
AY.1	14	1	0.07142857142857142	['22917:T>G']
AV.1	17	1	0.058823529411764705	['23403:A>G']
B.1.617.3	17	1	0.058823529411764705	['22917:T>G']
AY.4	20	1	0.05	['14408:C>T']
B.1.525	21	1	0.047619047619047616	['14408:C>T']
BA.5	40	1	0.025	['22917:T>G']
BA.4	44	1	0.022727272727272728	['22917:T>G']
BA.2	43	0	0.0	[]
BA.1	33	0	0.0	[]
BA.3	28	0	0.0	[]
XE-parent2	28	0	0.0	[]
B.1.1.7	25	0	0.0	[]
B.1.1.318	22	0	0.0	[]
A.23.1	21	0	0.0	[]
P.3	19	0	0.0	[]
P.1	16	0	0.0	[]
XBB	15	0	0.0	[]
P.2	9	0	0.0	[]
XBB-parent1	7	0	0.0	[]
XBB.1	5	0	0.0	[]
XBB.1.16	5	0	0.0	[]
XE	5	0	0.0	[]
XBB.1.5	4	0	0.0	[]
XE-parent1	4	0	0.0	[]
AY.4.2	3	0	0.0	[]
XBB-parent2	1	0	0.0	[]
