lineage	n_defining_sites	n_major_supported	frac_major_supported	major_supported_mutations
BA.1	33	4	0.12121212121212122	['25584:C>T', '28881:G>A', '28882:G>A', '28883:G>C']
BA.5	40	4	0.1	['25584:C>T', '28881:G>A', '28882:G>A', '28883:G>C']
BA.2	43	4	0.09302325581395349	['25584:C>T', '28881:G>A', '28882:G>A', '28883:G>C']
BA.4	44	4	0.09090909090909091	['25584:C>T', '28881:G>A', '28882:G>A', '28883:G>C']
AV.1	17	3	0.17647058823529413	['26709:G>A', '28881:G>A', '28883:G>C']
C.37	20	3	0.15	['14408:C>T', '28881:G>A', '28883:G>C']
BA.3	28	3	0.10714285714285714	['28881:G>A', '28882:G>A', '28883:G>C']
B.1.1.529	37	3	0.08108108108108109	['23525:C>T', '26709:G>A', '3037:C>T']
B.1.621	28	2	0.07142857142857142	['14408:C>T', '3037:C>T']
B.1.526	29	2	0.06896551724137931	['14408:C>T', '3037:C>T']
B.1.427	15	1	0.06666666666666667	['3037:C>T']
B.1.429	16	1	0.0625	['3037:C>T']
AY.4	20	1	0.05	['14408:C>T']
B.1.525	21	1	0.047619047619047616	['14408:C>T']
XE-parent2	28	1	0.03571428571428571	['25584:C>T']
B.1.1.7	25	0	0.0	[]
B.1.1.318	22	0	0.0	[]
A.23.1	21	0	0.0	[]
P.3	19	0	0.0	[]
B.1.617.3	17	0	0.0	[]
B.1.351	16	0	0.0	[]
P.1	16	0	0.0	[]
XBB	15	0	0.0	[]
AY.1	14	0	0.0	[]
B.1.617.2	13	0	0.0	[]
B.1.617.1	11	0	0.0	[]
P.2	9	0	0.0	[]
XBB-parent1	7	0	0.0	[]
XBB.1	5	0	0.0	[]
XBB.1.16	5	0	0.0	[]
XE	5	0	0.0	[]
XBB.1.5	4	0	0.0	[]
XE-parent1	4	0	0.0	[]
AY.4.2	3	0	0.0	[]
XBB-parent2	1	0	0.0	[]
