sample	n_filtered_variants	major_label	major_n_supported_sites	major_frac_supported_sites	major_status	co_infection_flag	minor_label	minor_n_supported_sites	minor_median_af	confidence_tier	minor_supported_mutations
V350082740_L14_40-40_variants	49	P.1	8	0.5714285714285714	assigned	True	AY.1	7	0.238502	medium	22813:G>T|22995:C>A|24410:G>A|25469:C>T|27638:T>C|28461:A>G|29402:G>T
V350082740_L14_59-59_variants	222	B.1.1.529	18	0.6206896551724138	assigned	True	C.37	7	0.129952	medium	10097:G>A|21786:G>T|21789:C>T|23031:T>C|24138:C>A|7424:T>G|9867:T>C
V350082740_L14_44-44_variants	84	P.1	9	0.6428571428571429	assigned	True	AY.1	6	0.3102695	medium	22813:G>T|22995:C>A|24410:G>A|25469:C>T|27638:T>C|28461:A>G
V350082740_L14_25-25_variants	131	P.1	8	0.5714285714285714	assigned	True	AY.1	6	0.260712	medium	22813:G>T|22995:C>A|25469:C>T|27638:T>C|28461:A>G|29402:G>T
V350082740_L14_75-75_variants	175	C.37	12	0.8571428571428571	assigned	True	B.1.1.529	6	0.139514	medium	10449:C>A|22992:G>A|23013:A>C|23948:G>T|26709:G>A|27807:C>T
