label	n_specific_sites	n_minor_supported_sites	minor_median_af	minor_mean_af	minor_supported_sites	minor_supported_mutations	minor_supported_alt_dp	minor_supported_total_dp	passes_minor_rule
AY.1	8	3	0.297748	0.27017766666666665	['24410:G', '25469:C', '28461:A']	['24410:G>A', '25469:C>T', '28461:A>G']	[36909.0, 78535.0, 11921.0]	[93294.0, 263763.0, 101745.0]	False
B.1.617.2	7	3	0.297748	0.27017766666666665	['24410:G', '25469:C', '28461:A']	['24410:G>A', '25469:C>T', '28461:A>G']	[36909.0, 78535.0, 11921.0]	[93294.0, 263763.0, 101745.0]	False
B.1.1.7	21	2	0.2037325	0.2037325	['23709:C', '27972:C']	['23709:C>T', '27972:C>T']	[24956.0, 30531.0]	[104664.0, 180629.0]	False
B.1.617.3	12	1	0.39562	0.39562	['24410:G']	['24410:G>A']	[36909.0]	[93294.0]	False
B.1.621	21	1	0.39562	0.39562	['24410:G']	['24410:G>A']	[36909.0]	[93294.0]	False
BA.1	26	1	0.360108	0.360108	['25000:C']	['25000:C>T']	[21887.0]	[60779.0]	False
BA.2	31	1	0.360108	0.360108	['25000:C']	['25000:C>T']	[21887.0]	[60779.0]	False
BA.4	31	1	0.360108	0.360108	['25000:C']	['25000:C>T']	[21887.0]	[60779.0]	False
BA.5	27	1	0.360108	0.360108	['25000:C']	['25000:C>T']	[21887.0]	[60779.0]	False
XE-parent2	19	1	0.360108	0.360108	['25000:C']	['25000:C>T']	[21887.0]	[60779.0]	False
B.1.617.1	7	1	0.297748	0.297748	['25469:C']	['25469:C>T']	[78535.0]	[263763.0]	False
AY.4.2	3	1	0.169152	0.169152	['22227:C']	['22227:C>T']	[12408.0]	[73354.0]	False
A.23.1	12	0	0.0	0.0	[]	[]	[]	[]	False
AV.1	8	0	0.0	0.0	[]	[]	[]	[]	False
AY.4	17	0	0.0	0.0	[]	[]	[]	[]	False
B.1.1.318	17	0	0.0	0.0	[]	[]	[]	[]	False
B.1.351	12	0	0.0	0.0	[]	[]	[]	[]	False
B.1.427	10	0	0.0	0.0	[]	[]	[]	[]	False
B.1.429	11	0	0.0	0.0	[]	[]	[]	[]	False
B.1.525	17	0	0.0	0.0	[]	[]	[]	[]	False
B.1.526	17	0	0.0	0.0	[]	[]	[]	[]	False
BA.3	20	0	0.0	0.0	[]	[]	[]	[]	False
C.37	12	0	0.0	0.0	[]	[]	[]	[]	False
P.1	14	0	0.0	0.0	[]	[]	[]	[]	False
P.2	6	0	0.0	0.0	[]	[]	[]	[]	False
P.3	15	0	0.0	0.0	[]	[]	[]	[]	False
XBB	14	0	0.0	0.0	[]	[]	[]	[]	False
XBB-parent1	5	0	0.0	0.0	[]	[]	[]	[]	False
XBB-parent2	1	0	0.0	0.0	[]	[]	[]	[]	False
XBB.1	3	0	0.0	0.0	[]	[]	[]	[]	False
XBB.1.16	5	0	0.0	0.0	[]	[]	[]	[]	False
XBB.1.5	4	0	0.0	0.0	[]	[]	[]	[]	False
XE	3	0	0.0	0.0	[]	[]	[]	[]	False
XE-parent1	4	0	0.0	0.0	[]	[]	[]	[]	False
