label	n_specific_sites	n_minor_supported_sites	minor_median_af	minor_mean_af	minor_supported_sites	minor_supported_mutations	minor_supported_alt_dp	minor_supported_total_dp	passes_minor_rule
AY.1	9	4	0.227989	0.23030825	['22813:G', '22995:C', '25469:C', '28461:A']	['22813:G>T', '22995:C>A', '25469:C>T', '28461:A>G']	[11313.0, 3411.0, 2484.0, 5610.0]	[43652.0, 21037.0, 12621.0, 18508.0]	False
B.1.617.2	9	3	0.259163	0.24147266666666667	['22995:C', '25469:C', '28461:A']	['22995:C>A', '25469:C>T', '28461:A>G']	[11313.0, 3411.0, 5610.0]	[43652.0, 21037.0, 18508.0]	False
B.1.1.529	29	3	0.21502	0.22372933333333334	['22995:C', '23948:G', '28311:C']	['22995:C>A', '23948:G>T', '28311:C>T']	[6153.0, 5610.0, 2980.0]	[28616.0, 18508.0, 19470.0]	False
B.1.1.7	21	2	0.2341115	0.2341115	['23709:C', '27972:C']	['23709:C>T', '27972:C>T']	[7679.0, 11479.0]	[33227.0, 48411.0]	False
B.1.617.1	7	1	0.259163	0.259163	['25469:C']	['25469:C>T']	[11313.0]	[43652.0]	False
B.1.526	21	1	0.21502	0.21502	['28311:C']	['28311:C>T']	[6153.0]	[28616.0]	False
C.37	14	1	0.21502	0.21502	['28311:C']	['28311:C>T']	[6153.0]	[28616.0]	False
XBB.1	3	1	0.196815	0.196815	['22813:G']	['22813:G>T']	[2484.0]	[12621.0]	False
AY.4.2	3	1	0.137366	0.137366	['22227:C']	['22227:C>T']	[5868.0]	[42718.0]	False
BA.1	26	1	0.114578	0.114578	['11537:A']	['11537:A>G']	[2159.0]	[18843.0]	False
A.23.1	11	0	0.0	0.0	[]	[]	[]	[]	False
AV.1	10	0	0.0	0.0	[]	[]	[]	[]	False
AY.4	19	0	0.0	0.0	[]	[]	[]	[]	False
B.1.1.318	18	0	0.0	0.0	[]	[]	[]	[]	False
B.1.351	11	0	0.0	0.0	[]	[]	[]	[]	False
B.1.427	11	0	0.0	0.0	[]	[]	[]	[]	False
B.1.429	12	0	0.0	0.0	[]	[]	[]	[]	False
B.1.525	17	0	0.0	0.0	[]	[]	[]	[]	False
B.1.617.3	12	0	0.0	0.0	[]	[]	[]	[]	False
B.1.621	23	0	0.0	0.0	[]	[]	[]	[]	False
BA.2	31	0	0.0	0.0	[]	[]	[]	[]	False
BA.3	20	0	0.0	0.0	[]	[]	[]	[]	False
BA.4	31	0	0.0	0.0	[]	[]	[]	[]	False
BA.5	27	0	0.0	0.0	[]	[]	[]	[]	False
P.2	6	0	0.0	0.0	[]	[]	[]	[]	False
P.3	15	0	0.0	0.0	[]	[]	[]	[]	False
XBB	14	0	0.0	0.0	[]	[]	[]	[]	False
XBB-parent1	6	0	0.0	0.0	[]	[]	[]	[]	False
XBB-parent2	1	0	0.0	0.0	[]	[]	[]	[]	False
XBB.1.16	5	0	0.0	0.0	[]	[]	[]	[]	False
XBB.1.5	4	0	0.0	0.0	[]	[]	[]	[]	False
XE	3	0	0.0	0.0	[]	[]	[]	[]	False
XE-parent1	4	0	0.0	0.0	[]	[]	[]	[]	False
XE-parent2	19	0	0.0	0.0	[]	[]	[]	[]	False
