label	n_specific_sites	n_minor_supported_sites	minor_median_af	minor_mean_af	minor_supported_sites	minor_supported_mutations	minor_supported_alt_dp	minor_supported_total_dp	passes_minor_rule
AY.1	9	3	0.289626	0.263345	['22813:G', '25469:C', '28461:A']	['22813:G>T', '25469:C>T', '28461:A>G']	[105603.0, 10555.0, 31592.0]	[364618.0, 85664.0, 83755.0]	False
B.1.1.529	27	3	0.14464	0.15058466666666667	['22992:G', '23013:A', '23948:G']	['22992:G>A', '23013:A>C', '23948:G>T']	[15079.0, 15685.0, 9978.0]	[107681.0, 108442.0, 59720.0]	False
B.1.1.7	21	2	0.216221	0.216221	['23709:C', '27972:C']	['23709:C>T', '27972:C>T']	[30895.0, 26498.0]	[123225.0, 145816.0]	False
B.1.617.2	9	2	0.20642	0.20642	['25469:C', '28461:A']	['25469:C>T', '28461:A>G']	[105603.0, 10555.0]	[364618.0, 85664.0]	False
XBB.1	3	1	0.377195	0.377195	['22813:G']	['22813:G>T']	[31592.0]	[83755.0]	False
B.1.617.1	7	1	0.289626	0.289626	['25469:C']	['25469:C>T']	[105603.0]	[364618.0]	False
AY.4.2	3	1	0.232428	0.232428	['22227:C']	['22227:C>T']	[41857.0]	[180086.0]	False
B.1.526	18	1	0.14464	0.14464	['22992:G']	['22992:G>A']	[15685.0]	[108442.0]	False
A.23.1	12	0	0.0	0.0	[]	[]	[]	[]	False
AV.1	10	0	0.0	0.0	[]	[]	[]	[]	False
AY.4	16	0	0.0	0.0	[]	[]	[]	[]	False
B.1.1.318	19	0	0.0	0.0	[]	[]	[]	[]	False
B.1.351	12	0	0.0	0.0	[]	[]	[]	[]	False
B.1.427	11	0	0.0	0.0	[]	[]	[]	[]	False
B.1.429	12	0	0.0	0.0	[]	[]	[]	[]	False
B.1.525	16	0	0.0	0.0	[]	[]	[]	[]	False
B.1.617.3	12	0	0.0	0.0	[]	[]	[]	[]	False
B.1.621	21	0	0.0	0.0	[]	[]	[]	[]	False
BA.1	26	0	0.0	0.0	[]	[]	[]	[]	False
BA.2	31	0	0.0	0.0	[]	[]	[]	[]	False
BA.3	20	0	0.0	0.0	[]	[]	[]	[]	False
BA.4	31	0	0.0	0.0	[]	[]	[]	[]	False
BA.5	27	0	0.0	0.0	[]	[]	[]	[]	False
P.1	14	0	0.0	0.0	[]	[]	[]	[]	False
P.2	6	0	0.0	0.0	[]	[]	[]	[]	False
P.3	14	0	0.0	0.0	[]	[]	[]	[]	False
XBB	13	0	0.0	0.0	[]	[]	[]	[]	False
XBB-parent1	6	0	0.0	0.0	[]	[]	[]	[]	False
XBB-parent2	1	0	0.0	0.0	[]	[]	[]	[]	False
XBB.1.16	5	0	0.0	0.0	[]	[]	[]	[]	False
XBB.1.5	4	0	0.0	0.0	[]	[]	[]	[]	False
XE	3	0	0.0	0.0	[]	[]	[]	[]	False
XE-parent1	4	0	0.0	0.0	[]	[]	[]	[]	False
XE-parent2	19	0	0.0	0.0	[]	[]	[]	[]	False
