label	n_specific_sites	n_minor_supported_sites	minor_median_af	minor_mean_af	minor_supported_sites	minor_supported_mutations	minor_supported_alt_dp	minor_supported_total_dp	passes_minor_rule
AY.1	8	3	0.299319	0.281564	['24410:G', '25469:C', '28461:A']	['24410:G>A', '25469:C>T', '28461:A>G']	[36483.0, 92266.0, 14116.0]	[92228.0, 308253.0, 94233.0]	False
B.1.617.2	7	3	0.299319	0.281564	['24410:G', '25469:C', '28461:A']	['24410:G>A', '25469:C>T', '28461:A>G']	[36483.0, 92266.0, 14116.0]	[92228.0, 308253.0, 94233.0]	False
B.1.1.7	21	2	0.17814249999999998	0.17814249999999998	['23709:C', '27972:C']	['23709:C>T', '27972:C>T']	[26118.0, 21412.0]	[121966.0, 150637.0]	False
B.1.617.3	12	1	0.395574	0.395574	['24410:G']	['24410:G>A']	[36483.0]	[92228.0]	False
B.1.621	21	1	0.395574	0.395574	['24410:G']	['24410:G>A']	[36483.0]	[92228.0]	False
BA.1	26	1	0.341607	0.341607	['25000:C']	['25000:C>T']	[20327.0]	[59504.0]	False
BA.2	31	1	0.341607	0.341607	['25000:C']	['25000:C>T']	[20327.0]	[59504.0]	False
BA.4	31	1	0.341607	0.341607	['25000:C']	['25000:C>T']	[20327.0]	[59504.0]	False
BA.5	27	1	0.341607	0.341607	['25000:C']	['25000:C>T']	[20327.0]	[59504.0]	False
XE-parent2	19	1	0.341607	0.341607	['25000:C']	['25000:C>T']	[20327.0]	[59504.0]	False
B.1.617.1	7	1	0.299319	0.299319	['25469:C']	['25469:C>T']	[92266.0]	[308253.0]	False
AY.4.2	3	1	0.19559	0.19559	['22227:C']	['22227:C>T']	[15904.0]	[81313.0]	False
A.23.1	12	0	0.0	0.0	[]	[]	[]	[]	False
AV.1	8	0	0.0	0.0	[]	[]	[]	[]	False
AY.4	17	0	0.0	0.0	[]	[]	[]	[]	False
B.1.1.318	17	0	0.0	0.0	[]	[]	[]	[]	False
B.1.351	12	0	0.0	0.0	[]	[]	[]	[]	False
B.1.427	10	0	0.0	0.0	[]	[]	[]	[]	False
B.1.429	11	0	0.0	0.0	[]	[]	[]	[]	False
B.1.525	17	0	0.0	0.0	[]	[]	[]	[]	False
B.1.526	17	0	0.0	0.0	[]	[]	[]	[]	False
BA.3	20	0	0.0	0.0	[]	[]	[]	[]	False
C.37	12	0	0.0	0.0	[]	[]	[]	[]	False
P.1	14	0	0.0	0.0	[]	[]	[]	[]	False
P.2	6	0	0.0	0.0	[]	[]	[]	[]	False
P.3	15	0	0.0	0.0	[]	[]	[]	[]	False
XBB	14	0	0.0	0.0	[]	[]	[]	[]	False
XBB-parent1	5	0	0.0	0.0	[]	[]	[]	[]	False
XBB-parent2	1	0	0.0	0.0	[]	[]	[]	[]	False
XBB.1	3	0	0.0	0.0	[]	[]	[]	[]	False
XBB.1.16	5	0	0.0	0.0	[]	[]	[]	[]	False
XBB.1.5	4	0	0.0	0.0	[]	[]	[]	[]	False
XE	3	0	0.0	0.0	[]	[]	[]	[]	False
XE-parent1	4	0	0.0	0.0	[]	[]	[]	[]	False
