label	n_specific_sites	n_minor_supported_sites	minor_median_af	minor_mean_af	minor_supported_sites	minor_supported_mutations	minor_supported_alt_dp	minor_supported_total_dp	passes_minor_rule
B.1.621	21	3	0.338826	0.316735	['21995:T', '22599:G', '24410:G']	['21995:T>A', '22599:G>A', '24410:G>A']	[4339.0, 68.0, 32233.0]	[12806.0, 276.0, 88309.0]	False
AY.1	8	3	0.237896	0.255191	['24410:G', '25469:C', '28461:A']	['24410:G>A', '25469:C>T', '28461:A>G']	[32233.0, 66964.0, 12934.0]	[88309.0, 281484.0, 79508.0]	False
B.1.617.2	7	3	0.237896	0.255191	['24410:G', '25469:C', '28461:A']	['24410:G>A', '25469:C>T', '28461:A>G']	[32233.0, 66964.0, 12934.0]	[88309.0, 281484.0, 79508.0]	False
B.1.1.7	21	2	0.211276	0.211276	['23709:C', '27972:C']	['23709:C>T', '27972:C>T']	[33785.0, 27003.0]	[134448.0, 157668.0]	False
B.1.617.3	12	1	0.365002	0.365002	['24410:G']	['24410:G>A']	[32233.0]	[88309.0]	False
BA.1	26	1	0.327551	0.327551	['13195:T']	['13195:T>C']	[42202.0]	[128841.0]	False
B.1.617.1	7	1	0.237896	0.237896	['25469:C']	['25469:C>T']	[66964.0]	[281484.0]	False
AY.4.2	3	1	0.20107	0.20107	['22227:C']	['22227:C>T']	[22803.0]	[113408.0]	False
A.23.1	12	0	0.0	0.0	[]	[]	[]	[]	False
AV.1	8	0	0.0	0.0	[]	[]	[]	[]	False
AY.4	17	0	0.0	0.0	[]	[]	[]	[]	False
B.1.1.318	17	0	0.0	0.0	[]	[]	[]	[]	False
B.1.351	12	0	0.0	0.0	[]	[]	[]	[]	False
B.1.427	10	0	0.0	0.0	[]	[]	[]	[]	False
B.1.429	11	0	0.0	0.0	[]	[]	[]	[]	False
B.1.525	17	0	0.0	0.0	[]	[]	[]	[]	False
B.1.526	17	0	0.0	0.0	[]	[]	[]	[]	False
BA.2	31	0	0.0	0.0	[]	[]	[]	[]	False
BA.3	20	0	0.0	0.0	[]	[]	[]	[]	False
BA.4	31	0	0.0	0.0	[]	[]	[]	[]	False
BA.5	27	0	0.0	0.0	[]	[]	[]	[]	False
C.37	12	0	0.0	0.0	[]	[]	[]	[]	False
P.1	14	0	0.0	0.0	[]	[]	[]	[]	False
P.2	6	0	0.0	0.0	[]	[]	[]	[]	False
P.3	15	0	0.0	0.0	[]	[]	[]	[]	False
XBB	14	0	0.0	0.0	[]	[]	[]	[]	False
XBB-parent1	5	0	0.0	0.0	[]	[]	[]	[]	False
XBB-parent2	1	0	0.0	0.0	[]	[]	[]	[]	False
XBB.1	3	0	0.0	0.0	[]	[]	[]	[]	False
XBB.1.16	5	0	0.0	0.0	[]	[]	[]	[]	False
XBB.1.5	4	0	0.0	0.0	[]	[]	[]	[]	False
XE	3	0	0.0	0.0	[]	[]	[]	[]	False
XE-parent1	4	0	0.0	0.0	[]	[]	[]	[]	False
XE-parent2	19	0	0.0	0.0	[]	[]	[]	[]	False
