label	n_specific_sites	n_minor_supported_sites	minor_median_af	minor_mean_af	minor_supported_sites	minor_supported_mutations	minor_supported_alt_dp	minor_supported_total_dp	passes_minor_rule
B.1.1.529	27	6	0.139514	0.14045633333333332	['10449:C', '22992:G', '23013:A', '23948:G', '26709:G', '27807:C']	['10449:C>A', '22992:G>A', '23013:A>C', '23948:G>T', '26709:G>A', '27807:C>T']	[11324.0, 11534.0, 10827.0, 3862.0, 10566.0, 4969.0]	[71984.0, 72307.0, 56110.0, 37707.0, 97101.0, 40825.0]	True
AY.1	9	3	0.269092	0.26703166666666667	['22813:G', '25469:C', '28461:A']	['22813:G>T', '25469:C>T', '28461:A>G']	[65099.0, 14019.0, 18503.0]	[241921.0, 84508.0, 50539.0]	False
B.1.1.7	21	2	0.231468	0.231468	['23709:C', '27972:C']	['23709:C>T', '27972:C>T']	[25713.0, 20100.0]	[104951.0, 92229.0]	False
B.1.617.2	9	2	0.217491	0.217491	['25469:C', '28461:A']	['25469:C>T', '28461:A>G']	[65099.0, 14019.0]	[241921.0, 84508.0]	False
BA.2	31	1	0.380033	0.380033	['26858:C']	['26858:C>T']	[1850.0]	[4868.0]	False
BA.3	20	1	0.380033	0.380033	['26858:C']	['26858:C>T']	[1850.0]	[4868.0]	False
BA.4	31	1	0.380033	0.380033	['26858:C']	['26858:C>T']	[1850.0]	[4868.0]	False
XE-parent2	19	1	0.380033	0.380033	['26858:C']	['26858:C>T']	[1850.0]	[4868.0]	False
XBB.1	3	1	0.366113	0.366113	['22813:G']	['22813:G>T']	[18503.0]	[50539.0]	False
B.1.617.1	7	1	0.269092	0.269092	['25469:C']	['25469:C>T']	[65099.0]	[241921.0]	False
AY.4.2	3	1	0.229799	0.229799	['22227:C']	['22227:C>T']	[24466.0]	[106467.0]	False
B.1.526	18	1	0.159514	0.159514	['22992:G']	['22992:G>A']	[11534.0]	[72307.0]	False
AV.1	10	1	0.121715	0.121715	['26709:G']	['26709:G>A']	[4969.0]	[40825.0]	False
A.23.1	12	0	0.0	0.0	[]	[]	[]	[]	False
AY.4	16	0	0.0	0.0	[]	[]	[]	[]	False
B.1.1.318	19	0	0.0	0.0	[]	[]	[]	[]	False
B.1.351	12	0	0.0	0.0	[]	[]	[]	[]	False
B.1.427	11	0	0.0	0.0	[]	[]	[]	[]	False
B.1.429	12	0	0.0	0.0	[]	[]	[]	[]	False
B.1.525	16	0	0.0	0.0	[]	[]	[]	[]	False
B.1.617.3	12	0	0.0	0.0	[]	[]	[]	[]	False
B.1.621	21	0	0.0	0.0	[]	[]	[]	[]	False
BA.1	26	0	0.0	0.0	[]	[]	[]	[]	False
BA.5	27	0	0.0	0.0	[]	[]	[]	[]	False
P.1	14	0	0.0	0.0	[]	[]	[]	[]	False
P.2	6	0	0.0	0.0	[]	[]	[]	[]	False
P.3	14	0	0.0	0.0	[]	[]	[]	[]	False
XBB	13	0	0.0	0.0	[]	[]	[]	[]	False
XBB-parent1	6	0	0.0	0.0	[]	[]	[]	[]	False
XBB-parent2	1	0	0.0	0.0	[]	[]	[]	[]	False
XBB.1.16	5	0	0.0	0.0	[]	[]	[]	[]	False
XBB.1.5	4	0	0.0	0.0	[]	[]	[]	[]	False
XE	3	0	0.0	0.0	[]	[]	[]	[]	False
XE-parent1	4	0	0.0	0.0	[]	[]	[]	[]	False
