label	n_specific_sites	n_minor_supported_sites	minor_median_af	minor_mean_af	minor_supported_sites	minor_supported_mutations	minor_supported_alt_dp	minor_supported_total_dp	passes_minor_rule
B.1.1.7	21	2	0.2759005	0.2759005	['23709:C', '27972:C']	['23709:C>T', '27972:C>T']	[30600.0, 45857.0]	[152811.0, 130441.0]	False
AY.1	8	2	0.227156	0.227156	['25469:C', '28461:A']	['25469:C>T', '28461:A>G']	[71859.0, 29618.0]	[229347.0, 210069.0]	False
B.1.617.2	7	2	0.227156	0.227156	['25469:C', '28461:A']	['25469:C>T', '28461:A>G']	[71859.0, 29618.0]	[229347.0, 210069.0]	False
BA.1	26	1	0.393614	0.393614	['25000:C']	['25000:C>T']	[10602.0]	[26935.0]	False
BA.2	31	1	0.393614	0.393614	['25000:C']	['25000:C>T']	[10602.0]	[26935.0]	False
BA.4	31	1	0.393614	0.393614	['25000:C']	['25000:C>T']	[10602.0]	[26935.0]	False
BA.5	27	1	0.393614	0.393614	['25000:C']	['25000:C>T']	[10602.0]	[26935.0]	False
XE-parent2	19	1	0.393614	0.393614	['25000:C']	['25000:C>T']	[10602.0]	[26935.0]	False
B.1.617.1	7	1	0.31332	0.31332	['25469:C']	['25469:C>T']	[71859.0]	[229347.0]	False
AY.4.2	3	1	0.17776	0.17776	['22227:C']	['22227:C>T']	[17957.0]	[101018.0]	False
A.23.1	12	0	0.0	0.0	[]	[]	[]	[]	False
AV.1	8	0	0.0	0.0	[]	[]	[]	[]	False
AY.4	17	0	0.0	0.0	[]	[]	[]	[]	False
B.1.1.318	17	0	0.0	0.0	[]	[]	[]	[]	False
B.1.351	12	0	0.0	0.0	[]	[]	[]	[]	False
B.1.427	10	0	0.0	0.0	[]	[]	[]	[]	False
B.1.429	11	0	0.0	0.0	[]	[]	[]	[]	False
B.1.525	17	0	0.0	0.0	[]	[]	[]	[]	False
B.1.526	17	0	0.0	0.0	[]	[]	[]	[]	False
B.1.617.3	12	0	0.0	0.0	[]	[]	[]	[]	False
B.1.621	21	0	0.0	0.0	[]	[]	[]	[]	False
BA.3	20	0	0.0	0.0	[]	[]	[]	[]	False
C.37	12	0	0.0	0.0	[]	[]	[]	[]	False
P.1	14	0	0.0	0.0	[]	[]	[]	[]	False
P.2	6	0	0.0	0.0	[]	[]	[]	[]	False
P.3	15	0	0.0	0.0	[]	[]	[]	[]	False
XBB	14	0	0.0	0.0	[]	[]	[]	[]	False
XBB-parent1	5	0	0.0	0.0	[]	[]	[]	[]	False
XBB-parent2	1	0	0.0	0.0	[]	[]	[]	[]	False
XBB.1	3	0	0.0	0.0	[]	[]	[]	[]	False
XBB.1.16	5	0	0.0	0.0	[]	[]	[]	[]	False
XBB.1.5	4	0	0.0	0.0	[]	[]	[]	[]	False
XE	3	0	0.0	0.0	[]	[]	[]	[]	False
XE-parent1	4	0	0.0	0.0	[]	[]	[]	[]	False
