label	n_specific_sites	n_minor_supported_sites	minor_median_af	minor_mean_af	minor_supported_sites	minor_supported_mutations	minor_supported_alt_dp	minor_supported_total_dp	passes_minor_rule
B.1.1.529	29	5	0.170891	0.1892732	['22992:G', '22995:C', '23013:A', '23948:G', '28311:C']	['22992:G>A', '22995:C>A', '23013:A>C', '23948:G>T', '28311:C>T']	[15163.0, 5938.0, 1695.0, 1701.0, 3054.0]	[68089.0, 16877.0, 16884.0, 16917.0, 17871.0]	True
AY.1	9	4	0.30854899999999996	0.30868975	['22813:G', '22995:C', '24410:G', '25469:C']	['22813:G>T', '22995:C>A', '24410:G>A', '25469:C>T']	[14801.0, 16151.0, 4481.0, 5938.0]	[37381.0, 72847.0, 16893.0, 16877.0]	False
B.1.617.2	9	3	0.35184	0.323167	['22995:C', '24410:G', '25469:C']	['22995:C>A', '24410:G>A', '25469:C>T']	[14801.0, 16151.0, 5938.0]	[37381.0, 72847.0, 16877.0]	False
B.1.1.7	21	2	0.239273	0.239273	['23709:C', '27972:C']	['23709:C>T', '27972:C>T']	[9335.0, 11800.0]	[40151.0, 47958.0]	False
B.1.526	21	2	0.161622	0.161622	['22992:G', '28311:C']	['22992:G>A', '28311:C>T']	[15163.0, 1701.0]	[68089.0, 16917.0]	False
B.1.617.3	12	1	0.39595	0.39595	['24410:G']	['24410:G>A']	[14801.0]	[37381.0]	False
B.1.621	23	1	0.39595	0.39595	['24410:G']	['24410:G>A']	[14801.0]	[37381.0]	False
XBB.1	3	1	0.265258	0.265258	['22813:G']	['22813:G>T']	[4481.0]	[16893.0]	False
C.37	14	1	0.222694	0.222694	['28311:C']	['28311:C>T']	[15163.0]	[68089.0]	False
B.1.617.1	7	1	0.221711	0.221711	['25469:C']	['25469:C>T']	[16151.0]	[72847.0]	False
AY.4.2	3	1	0.193659	0.193659	['22227:C']	['22227:C>T']	[15680.0]	[80967.0]	False
A.23.1	11	0	0.0	0.0	[]	[]	[]	[]	False
AV.1	10	0	0.0	0.0	[]	[]	[]	[]	False
AY.4	19	0	0.0	0.0	[]	[]	[]	[]	False
B.1.1.318	18	0	0.0	0.0	[]	[]	[]	[]	False
B.1.351	11	0	0.0	0.0	[]	[]	[]	[]	False
B.1.427	11	0	0.0	0.0	[]	[]	[]	[]	False
B.1.429	12	0	0.0	0.0	[]	[]	[]	[]	False
B.1.525	17	0	0.0	0.0	[]	[]	[]	[]	False
BA.1	26	0	0.0	0.0	[]	[]	[]	[]	False
BA.2	31	0	0.0	0.0	[]	[]	[]	[]	False
BA.3	20	0	0.0	0.0	[]	[]	[]	[]	False
BA.4	31	0	0.0	0.0	[]	[]	[]	[]	False
BA.5	27	0	0.0	0.0	[]	[]	[]	[]	False
P.2	6	0	0.0	0.0	[]	[]	[]	[]	False
P.3	15	0	0.0	0.0	[]	[]	[]	[]	False
XBB	14	0	0.0	0.0	[]	[]	[]	[]	False
XBB-parent1	6	0	0.0	0.0	[]	[]	[]	[]	False
XBB-parent2	1	0	0.0	0.0	[]	[]	[]	[]	False
XBB.1.16	5	0	0.0	0.0	[]	[]	[]	[]	False
XBB.1.5	4	0	0.0	0.0	[]	[]	[]	[]	False
XE	3	0	0.0	0.0	[]	[]	[]	[]	False
XE-parent1	4	0	0.0	0.0	[]	[]	[]	[]	False
XE-parent2	19	0	0.0	0.0	[]	[]	[]	[]	False
