label	n_specific_sites	n_minor_supported_sites	minor_median_af	minor_mean_af	minor_supported_sites	minor_supported_mutations	minor_supported_alt_dp	minor_supported_total_dp	passes_minor_rule
AY.1	8	3	0.289557	0.273096	['24410:G', '25469:C', '28461:A']	['24410:G>A', '25469:C>T', '28461:A>G']	[10570.0, 24826.0, 5917.0]	[27009.0, 85738.0, 42759.0]	False
B.1.617.2	7	3	0.289557	0.273096	['24410:G', '25469:C', '28461:A']	['24410:G>A', '25469:C>T', '28461:A>G']	[10570.0, 24826.0, 5917.0]	[27009.0, 85738.0, 42759.0]	False
BA.1	26	2	0.256096	0.256096	['25000:C', '28882:G']	['25000:C>T', '28882:G>A']	[6291.0, 71.0]	[17007.0, 499.0]	False
BA.2	31	2	0.256096	0.256096	['25000:C', '28882:G']	['25000:C>T', '28882:G>A']	[6291.0, 71.0]	[17007.0, 499.0]	False
BA.4	31	2	0.256096	0.256096	['25000:C', '28882:G']	['25000:C>T', '28882:G>A']	[6291.0, 71.0]	[17007.0, 499.0]	False
BA.5	27	2	0.256096	0.256096	['25000:C', '28882:G']	['25000:C>T', '28882:G>A']	[6291.0, 71.0]	[17007.0, 499.0]	False
B.1.1.7	21	2	0.197063	0.197063	['23709:C', '27972:C']	['23709:C>T', '27972:C>T']	[8166.0, 8520.0]	[37421.0, 48435.0]	False
B.1.617.3	12	1	0.391351	0.391351	['24410:G']	['24410:G>A']	[10570.0]	[27009.0]	False
B.1.621	21	1	0.391351	0.391351	['24410:G']	['24410:G>A']	[10570.0]	[27009.0]	False
XE-parent2	19	1	0.369907	0.369907	['25000:C']	['25000:C>T']	[6291.0]	[17007.0]	False
B.1.617.1	7	1	0.289557	0.289557	['25469:C']	['25469:C>T']	[24826.0]	[85738.0]	False
AY.4.2	3	1	0.181461	0.181461	['22227:C']	['22227:C>T']	[4577.0]	[25223.0]	False
BA.3	20	1	0.142285	0.142285	['28882:G']	['28882:G>A']	[71.0]	[499.0]	False
A.23.1	12	0	0.0	0.0	[]	[]	[]	[]	False
AV.1	8	0	0.0	0.0	[]	[]	[]	[]	False
AY.4	17	0	0.0	0.0	[]	[]	[]	[]	False
B.1.1.318	17	0	0.0	0.0	[]	[]	[]	[]	False
B.1.351	12	0	0.0	0.0	[]	[]	[]	[]	False
B.1.427	10	0	0.0	0.0	[]	[]	[]	[]	False
B.1.429	11	0	0.0	0.0	[]	[]	[]	[]	False
B.1.525	17	0	0.0	0.0	[]	[]	[]	[]	False
B.1.526	17	0	0.0	0.0	[]	[]	[]	[]	False
C.37	12	0	0.0	0.0	[]	[]	[]	[]	False
P.1	14	0	0.0	0.0	[]	[]	[]	[]	False
P.2	6	0	0.0	0.0	[]	[]	[]	[]	False
P.3	15	0	0.0	0.0	[]	[]	[]	[]	False
XBB	14	0	0.0	0.0	[]	[]	[]	[]	False
XBB-parent1	5	0	0.0	0.0	[]	[]	[]	[]	False
XBB-parent2	1	0	0.0	0.0	[]	[]	[]	[]	False
XBB.1	3	0	0.0	0.0	[]	[]	[]	[]	False
XBB.1.16	5	0	0.0	0.0	[]	[]	[]	[]	False
XBB.1.5	4	0	0.0	0.0	[]	[]	[]	[]	False
XE	3	0	0.0	0.0	[]	[]	[]	[]	False
XE-parent1	4	0	0.0	0.0	[]	[]	[]	[]	False
