label	n_specific_sites	n_minor_supported_sites	minor_median_af	minor_mean_af	minor_supported_sites	minor_supported_mutations	minor_supported_alt_dp	minor_supported_total_dp	passes_minor_rule
AY.1	8	3	0.285365	0.2716323333333333	['24410:G', '25469:C', '28461:A']	['24410:G>A', '25469:C>T', '28461:A>G']	[30686.0, 66736.0, 8684.0]	[77213.0, 233862.0, 65732.0]	False
B.1.617.2	7	3	0.285365	0.2716323333333333	['24410:G', '25469:C', '28461:A']	['24410:G>A', '25469:C>T', '28461:A>G']	[30686.0, 66736.0, 8684.0]	[77213.0, 233862.0, 65732.0]	False
BA.4	31	2	0.366407	0.366407	['12160:G', '25000:C']	['12160:G>A', '25000:C>T']	[14116.0, 29442.0]	[41646.0, 74752.0]	False
BA.5	27	2	0.366407	0.366407	['12160:G', '25000:C']	['12160:G>A', '25000:C>T']	[14116.0, 29442.0]	[41646.0, 74752.0]	False
B.1.1.7	21	2	0.1913675	0.1913675	['23709:C', '27972:C']	['23709:C>T', '27972:C>T']	[19253.0, 20753.0]	[83152.0, 137260.0]	False
B.1.617.3	12	1	0.39742	0.39742	['24410:G']	['24410:G>A']	[30686.0]	[77213.0]	False
B.1.621	21	1	0.39742	0.39742	['24410:G']	['24410:G>A']	[30686.0]	[77213.0]	False
BA.1	26	1	0.338952	0.338952	['25000:C']	['25000:C>T']	[14116.0]	[41646.0]	False
BA.2	31	1	0.338952	0.338952	['25000:C']	['25000:C>T']	[14116.0]	[41646.0]	False
XE-parent2	19	1	0.338952	0.338952	['25000:C']	['25000:C>T']	[14116.0]	[41646.0]	False
B.1.617.1	7	1	0.285365	0.285365	['25469:C']	['25469:C>T']	[66736.0]	[233862.0]	False
AY.4.2	3	1	0.179787	0.179787	['22227:C']	['22227:C>T']	[11428.0]	[63564.0]	False
A.23.1	12	0	0.0	0.0	[]	[]	[]	[]	False
AV.1	8	0	0.0	0.0	[]	[]	[]	[]	False
AY.4	17	0	0.0	0.0	[]	[]	[]	[]	False
B.1.1.318	17	0	0.0	0.0	[]	[]	[]	[]	False
B.1.351	12	0	0.0	0.0	[]	[]	[]	[]	False
B.1.427	10	0	0.0	0.0	[]	[]	[]	[]	False
B.1.429	11	0	0.0	0.0	[]	[]	[]	[]	False
B.1.525	17	0	0.0	0.0	[]	[]	[]	[]	False
B.1.526	17	0	0.0	0.0	[]	[]	[]	[]	False
BA.3	20	0	0.0	0.0	[]	[]	[]	[]	False
C.37	12	0	0.0	0.0	[]	[]	[]	[]	False
P.1	14	0	0.0	0.0	[]	[]	[]	[]	False
P.2	6	0	0.0	0.0	[]	[]	[]	[]	False
P.3	15	0	0.0	0.0	[]	[]	[]	[]	False
XBB	14	0	0.0	0.0	[]	[]	[]	[]	False
XBB-parent1	5	0	0.0	0.0	[]	[]	[]	[]	False
XBB-parent2	1	0	0.0	0.0	[]	[]	[]	[]	False
XBB.1	3	0	0.0	0.0	[]	[]	[]	[]	False
XBB.1.16	5	0	0.0	0.0	[]	[]	[]	[]	False
XBB.1.5	4	0	0.0	0.0	[]	[]	[]	[]	False
XE	3	0	0.0	0.0	[]	[]	[]	[]	False
XE-parent1	4	0	0.0	0.0	[]	[]	[]	[]	False
