label	n_specific_sites	n_minor_supported_sites	minor_median_af	minor_mean_af	minor_supported_sites	minor_supported_mutations	minor_supported_alt_dp	minor_supported_total_dp	passes_minor_rule
AY.1	9	4	0.3059795	0.29179849999999996	['22813:G', '25469:C', '27638:T', '28461:A']	['22813:G>T', '25469:C>T', '27638:T>C', '28461:A>G']	[3118.0, 69594.0, 15707.0, 15769.0]	[8330.0, 247320.0, 86815.0, 47703.0]	False
B.1.617.2	9	3	0.281393	0.27887599999999996	['25469:C', '27638:T', '28461:A']	['25469:C>T', '27638:T>C', '28461:A>G']	[3118.0, 69594.0, 15707.0]	[8330.0, 247320.0, 86815.0]	False
B.1.1.529	27	3	0.146476	0.16302966666666666	['22992:G', '23013:A', '23948:G']	['22992:G>A', '23013:A>C', '23948:G>T']	[11266.0, 11484.0, 11442.0]	[78017.0, 78402.0, 57727.0]	False
B.1.617.1	7	2	0.32785149999999996	0.32785149999999996	['25469:C', '27638:T']	['25469:C>T', '27638:T>C']	[3118.0, 69594.0]	[8330.0, 247320.0]	False
B.1.1.7	21	2	0.213344	0.213344	['23709:C', '27972:C']	['23709:C>T', '27972:C>T']	[28800.0, 26415.0]	[114548.0, 150715.0]	False
B.1.617.3	12	1	0.37431	0.37431	['27638:T']	['27638:T>C']	[3118.0]	[8330.0]	False
XBB.1	3	1	0.330566	0.330566	['22813:G']	['22813:G>T']	[15769.0]	[47703.0]	False
AY.4.2	3	1	0.211827	0.211827	['22227:C']	['22227:C>T']	[22846.0]	[107852.0]	False
B.1.526	18	1	0.146476	0.146476	['22992:G']	['22992:G>A']	[11484.0]	[78402.0]	False
A.23.1	12	0	0.0	0.0	[]	[]	[]	[]	False
AV.1	10	0	0.0	0.0	[]	[]	[]	[]	False
AY.4	16	0	0.0	0.0	[]	[]	[]	[]	False
B.1.1.318	19	0	0.0	0.0	[]	[]	[]	[]	False
B.1.351	12	0	0.0	0.0	[]	[]	[]	[]	False
B.1.427	11	0	0.0	0.0	[]	[]	[]	[]	False
B.1.429	12	0	0.0	0.0	[]	[]	[]	[]	False
B.1.525	16	0	0.0	0.0	[]	[]	[]	[]	False
B.1.621	21	0	0.0	0.0	[]	[]	[]	[]	False
BA.1	26	0	0.0	0.0	[]	[]	[]	[]	False
BA.2	31	0	0.0	0.0	[]	[]	[]	[]	False
BA.3	20	0	0.0	0.0	[]	[]	[]	[]	False
BA.4	31	0	0.0	0.0	[]	[]	[]	[]	False
BA.5	27	0	0.0	0.0	[]	[]	[]	[]	False
P.1	14	0	0.0	0.0	[]	[]	[]	[]	False
P.2	6	0	0.0	0.0	[]	[]	[]	[]	False
P.3	14	0	0.0	0.0	[]	[]	[]	[]	False
XBB	13	0	0.0	0.0	[]	[]	[]	[]	False
XBB-parent1	6	0	0.0	0.0	[]	[]	[]	[]	False
XBB-parent2	1	0	0.0	0.0	[]	[]	[]	[]	False
XBB.1.16	5	0	0.0	0.0	[]	[]	[]	[]	False
XBB.1.5	4	0	0.0	0.0	[]	[]	[]	[]	False
XE	3	0	0.0	0.0	[]	[]	[]	[]	False
XE-parent1	4	0	0.0	0.0	[]	[]	[]	[]	False
XE-parent2	19	0	0.0	0.0	[]	[]	[]	[]	False
