label	n_specific_sites	n_minor_supported_sites	minor_median_af	minor_mean_af	minor_supported_sites	minor_supported_mutations	minor_supported_alt_dp	minor_supported_total_dp	passes_minor_rule
AY.1	8	4	0.2867245	0.27827925	['24410:G', '25469:C', '27638:T', '28461:A']	['24410:G>A', '25469:C>T', '27638:T>C', '28461:A>G']	[77342.0, 17009.0, 42855.0, 7767.0]	[196639.0, 49922.0, 184135.0, 53072.0]	False
B.1.617.2	7	4	0.2867245	0.27827925	['24410:G', '25469:C', '27638:T', '28461:A']	['24410:G>A', '25469:C>T', '27638:T>C', '28461:A>G']	[77342.0, 17009.0, 42855.0, 7767.0]	[196639.0, 49922.0, 184135.0, 53072.0]	False
B.1.617.3	12	2	0.367016	0.367016	['24410:G', '27638:T']	['24410:G>A', '27638:T>C']	[77342.0, 17009.0]	[196639.0, 49922.0]	False
B.1.617.1	7	2	0.3130285	0.3130285	['25469:C', '27638:T']	['25469:C>T', '27638:T>C']	[77342.0, 42855.0]	[196639.0, 184135.0]	False
B.1.1.7	21	2	0.164723	0.164723	['23709:C', '27972:C']	['23709:C>T', '27972:C>T']	[18189.0, 16319.0]	[101644.0, 108433.0]	False
BA.2	31	1	0.399613	0.399613	['9344:C']	['9344:C>T']	[30154.0]	[75458.0]	False
B.1.621	21	1	0.340712	0.340712	['24410:G']	['24410:G>A']	[17009.0]	[49922.0]	False
AY.4.2	3	1	0.20591	0.20591	['22227:C']	['22227:C>T']	[21045.0]	[102205.0]	False
A.23.1	12	0	0.0	0.0	[]	[]	[]	[]	False
AV.1	8	0	0.0	0.0	[]	[]	[]	[]	False
AY.4	17	0	0.0	0.0	[]	[]	[]	[]	False
B.1.1.318	17	0	0.0	0.0	[]	[]	[]	[]	False
B.1.351	12	0	0.0	0.0	[]	[]	[]	[]	False
B.1.427	10	0	0.0	0.0	[]	[]	[]	[]	False
B.1.429	11	0	0.0	0.0	[]	[]	[]	[]	False
B.1.525	17	0	0.0	0.0	[]	[]	[]	[]	False
B.1.526	17	0	0.0	0.0	[]	[]	[]	[]	False
BA.1	26	0	0.0	0.0	[]	[]	[]	[]	False
BA.3	20	0	0.0	0.0	[]	[]	[]	[]	False
BA.4	31	0	0.0	0.0	[]	[]	[]	[]	False
BA.5	27	0	0.0	0.0	[]	[]	[]	[]	False
C.37	12	0	0.0	0.0	[]	[]	[]	[]	False
P.1	14	0	0.0	0.0	[]	[]	[]	[]	False
P.2	6	0	0.0	0.0	[]	[]	[]	[]	False
P.3	15	0	0.0	0.0	[]	[]	[]	[]	False
XBB	14	0	0.0	0.0	[]	[]	[]	[]	False
XBB-parent1	5	0	0.0	0.0	[]	[]	[]	[]	False
XBB-parent2	1	0	0.0	0.0	[]	[]	[]	[]	False
XBB.1	3	0	0.0	0.0	[]	[]	[]	[]	False
XBB.1.16	5	0	0.0	0.0	[]	[]	[]	[]	False
XBB.1.5	4	0	0.0	0.0	[]	[]	[]	[]	False
XE	3	0	0.0	0.0	[]	[]	[]	[]	False
XE-parent1	4	0	0.0	0.0	[]	[]	[]	[]	False
XE-parent2	19	0	0.0	0.0	[]	[]	[]	[]	False
