label	n_specific_sites	n_minor_supported_sites	minor_median_af	minor_mean_af	minor_supported_sites	minor_supported_mutations	minor_supported_alt_dp	minor_supported_total_dp	passes_minor_rule
AY.1	8	3	0.286738	0.2838133333333333	['24410:G', '25469:C', '28461:A']	['24410:G>A', '25469:C>T', '28461:A>G']	[69001.0, 130896.0, 18582.0]	[175108.0, 456501.0, 108887.0]	False
B.1.617.2	7	3	0.286738	0.2838133333333333	['24410:G', '25469:C', '28461:A']	['24410:G>A', '25469:C>T', '28461:A>G']	[69001.0, 130896.0, 18582.0]	[175108.0, 456501.0, 108887.0]	False
B.1.1.7	21	2	0.17226550000000002	0.17226550000000002	['23709:C', '27972:C']	['23709:C>T', '27972:C>T']	[46266.0, 40899.0]	[231851.0, 282101.0]	False
B.1.617.3	12	1	0.394048	0.394048	['24410:G']	['24410:G>A']	[69001.0]	[175108.0]	False
B.1.621	21	1	0.394048	0.394048	['24410:G']	['24410:G>A']	[69001.0]	[175108.0]	False
BA.1	26	1	0.33061	0.33061	['25000:C']	['25000:C>T']	[34026.0]	[102919.0]	False
BA.2	31	1	0.33061	0.33061	['25000:C']	['25000:C>T']	[34026.0]	[102919.0]	False
BA.4	31	1	0.33061	0.33061	['25000:C']	['25000:C>T']	[34026.0]	[102919.0]	False
BA.5	27	1	0.33061	0.33061	['25000:C']	['25000:C>T']	[34026.0]	[102919.0]	False
XE-parent2	19	1	0.33061	0.33061	['25000:C']	['25000:C>T']	[34026.0]	[102919.0]	False
B.1.617.1	7	1	0.286738	0.286738	['25469:C']	['25469:C>T']	[130896.0]	[456501.0]	False
AY.4.2	3	1	0.174172	0.174172	['22227:C']	['22227:C>T']	[20135.0]	[115604.0]	False
A.23.1	12	0	0.0	0.0	[]	[]	[]	[]	False
AV.1	8	0	0.0	0.0	[]	[]	[]	[]	False
AY.4	17	0	0.0	0.0	[]	[]	[]	[]	False
B.1.1.318	17	0	0.0	0.0	[]	[]	[]	[]	False
B.1.351	12	0	0.0	0.0	[]	[]	[]	[]	False
B.1.427	10	0	0.0	0.0	[]	[]	[]	[]	False
B.1.429	11	0	0.0	0.0	[]	[]	[]	[]	False
B.1.525	17	0	0.0	0.0	[]	[]	[]	[]	False
B.1.526	17	0	0.0	0.0	[]	[]	[]	[]	False
BA.3	20	0	0.0	0.0	[]	[]	[]	[]	False
C.37	12	0	0.0	0.0	[]	[]	[]	[]	False
P.1	14	0	0.0	0.0	[]	[]	[]	[]	False
P.2	6	0	0.0	0.0	[]	[]	[]	[]	False
P.3	15	0	0.0	0.0	[]	[]	[]	[]	False
XBB	14	0	0.0	0.0	[]	[]	[]	[]	False
XBB-parent1	5	0	0.0	0.0	[]	[]	[]	[]	False
XBB-parent2	1	0	0.0	0.0	[]	[]	[]	[]	False
XBB.1	3	0	0.0	0.0	[]	[]	[]	[]	False
XBB.1.16	5	0	0.0	0.0	[]	[]	[]	[]	False
XBB.1.5	4	0	0.0	0.0	[]	[]	[]	[]	False
XE	3	0	0.0	0.0	[]	[]	[]	[]	False
XE-parent1	4	0	0.0	0.0	[]	[]	[]	[]	False
