label	n_defining_sites	n_major_supported_sites	frac_major_supported_sites	major_supported_sites	major_supported_mutations
B.1.1.529	29	3	0.10344827586206896	['23525:C', '26709:G', '3037:C']	['23525:C>T', '26709:G>A', '3037:C>T']
B.1.526	21	2	0.09523809523809523	['14408:C', '3037:C']	['14408:C>T', '3037:C>T']
B.1.621	23	2	0.08695652173913043	['14408:C', '3037:C']	['14408:C>T', '3037:C>T']
BA.1	26	2	0.07692307692307693	['25584:C', '28882:G']	['25584:C>T', '28882:G>A']
BA.5	27	2	0.07407407407407407	['25584:C', '28882:G']	['25584:C>T', '28882:G>A']
BA.2	31	2	0.06451612903225806	['25584:C', '28882:G']	['25584:C>T', '28882:G>A']
BA.4	31	2	0.06451612903225806	['25584:C', '28882:G']	['25584:C>T', '28882:G>A']
AV.1	10	1	0.1	['26709:G']	['26709:G>A']
B.1.427	11	1	0.09090909090909091	['3037:C']	['3037:C>T']
B.1.429	12	1	0.08333333333333333	['3037:C']	['3037:C>T']
C.37	14	1	0.07142857142857142	['14408:C']	['14408:C>T']
B.1.525	17	1	0.058823529411764705	['14408:C']	['14408:C>T']
AY.4	19	1	0.05263157894736842	['14408:C']	['14408:C>T']
XE-parent2	19	1	0.05263157894736842	['25584:C']	['25584:C>T']
BA.3	20	1	0.05	['28882:G']	['28882:G>A']
B.1.1.7	21	0	0.0	[]	[]
B.1.1.318	19	0	0.0	[]	[]
P.3	15	0	0.0	[]	[]
P.1	14	0	0.0	[]	[]
XBB	14	0	0.0	[]	[]
A.23.1	12	0	0.0	[]	[]
B.1.351	12	0	0.0	[]	[]
B.1.617.3	12	0	0.0	[]	[]
AY.1	9	0	0.0	[]	[]
B.1.617.2	9	0	0.0	[]	[]
B.1.617.1	7	0	0.0	[]	[]
P.2	6	0	0.0	[]	[]
XBB-parent1	6	0	0.0	[]	[]
XBB.1.16	5	0	0.0	[]	[]
XBB.1.5	4	0	0.0	[]	[]
XE-parent1	4	0	0.0	[]	[]
AY.4.2	3	0	0.0	[]	[]
XBB.1	3	0	0.0	[]	[]
XE	3	0	0.0	[]	[]
XBB-parent2	1	0	0.0	[]	[]
