label	n_defining_sites	n_major_supported_sites	frac_major_supported_sites	major_supported_sites	major_supported_mutations
B.1.427	11	8	0.7272727272727273	['1059:C', '22018:G', '241:C', '25563:G', '26681:C', '28272:A', '28887:C', '3037:C']	['1059:C>T', '22018:G>T', '241:C>T', '25563:G>T', '26681:C>T', '28272:A>T', '28887:C>T', '3037:C>T']
B.1.429	12	7	0.5833333333333334	['1059:C', '22018:G', '25563:G', '26681:C', '28272:A', '28887:C', '3037:C']	['1059:C>T', '22018:G>T', '25563:G>T', '26681:C>T', '28272:A>T', '28887:C>T', '3037:C>T']
B.1.621	23	5	0.21739130434782608	['14408:C', '25563:G', '28272:A', '28887:C', '3037:C']	['14408:C>T', '25563:G>T', '28272:A>T', '28887:C>T', '3037:C>T']
B.1.526	21	4	0.19047619047619047	['1059:C', '14408:C', '25563:G', '3037:C']	['1059:C>T', '14408:C>T', '25563:G>T', '3037:C>T']
B.1.351	12	3	0.25	['1059:C', '25563:G', '28887:C']	['1059:C>T', '25563:G>T', '28887:C>T']
C.37	14	1	0.07142857142857142	['14408:C']	['14408:C>T']
B.1.525	17	1	0.058823529411764705	['14408:C']	['14408:C>T']
AY.4	19	1	0.05263157894736842	['14408:C']	['14408:C>T']
B.1.1.529	29	1	0.034482758620689655	['3037:C']	['3037:C>T']
BA.2	31	0	0.0	[]	[]
BA.4	31	0	0.0	[]	[]
BA.5	27	0	0.0	[]	[]
BA.1	26	0	0.0	[]	[]
B.1.1.7	21	0	0.0	[]	[]
BA.3	20	0	0.0	[]	[]
B.1.1.318	19	0	0.0	[]	[]
XE-parent2	19	0	0.0	[]	[]
P.3	15	0	0.0	[]	[]
P.1	14	0	0.0	[]	[]
XBB	14	0	0.0	[]	[]
A.23.1	12	0	0.0	[]	[]
B.1.617.3	12	0	0.0	[]	[]
AV.1	10	0	0.0	[]	[]
AY.1	9	0	0.0	[]	[]
B.1.617.2	9	0	0.0	[]	[]
B.1.617.1	7	0	0.0	[]	[]
P.2	6	0	0.0	[]	[]
XBB-parent1	6	0	0.0	[]	[]
XBB.1.16	5	0	0.0	[]	[]
XBB.1.5	4	0	0.0	[]	[]
XE-parent1	4	0	0.0	[]	[]
AY.4.2	3	0	0.0	[]	[]
XBB.1	3	0	0.0	[]	[]
XE	3	0	0.0	[]	[]
XBB-parent2	1	0	0.0	[]	[]
