label	n_defining_sites	n_major_supported_sites	frac_major_supported_sites	major_supported_sites	major_supported_mutations
C.37	14	13	0.9285714285714286	['10029:C', '10097:G', '14408:C', '21786:G', '21789:C', '23031:T', '24138:C', '28311:C', '28913:G', '4002:C', '7124:C', '7424:T', '9867:T']	['10029:C>T', '10097:G>A', '14408:C>T', '21786:G>T', '21789:C>T', '23031:T>C', '24138:C>A', '28311:C>T', '28913:G>T', '4002:C>T', '7124:C>T', '7424:T>G', '9867:T>C']
B.1.526	21	4	0.19047619047619047	['14408:C', '28311:C', '3037:C', '9867:T']	['14408:C>T', '28311:C>T', '3037:C>T', '9867:T>C']
B.1.1.529	29	4	0.13793103448275862	['10029:C', '28271:A', '28311:C', '3037:C']	['10029:C>T', '28271:A>T', '28311:C>T', '3037:C>T']
AY.4	19	3	0.15789473684210525	['10029:C', '14408:C', '7124:C']	['10029:C>T', '14408:C>T', '7124:C>T']
B.1.621	23	3	0.13043478260869565	['10029:C', '14408:C', '3037:C']	['10029:C>T', '14408:C>T', '3037:C>T']
B.1.427	11	2	0.18181818181818182	['241:C', '3037:C']	['241:C>T', '3037:C>T']
P.2	6	1	0.16666666666666666	['28253:C']	['28253:C>T']
B.1.429	12	1	0.08333333333333333	['3037:C']	['3037:C>T']
XBB	14	1	0.07142857142857142	['23031:T']	['23031:T>C']
P.3	15	1	0.06666666666666667	['9867:T']	['9867:T>C']
B.1.525	17	1	0.058823529411764705	['14408:C']	['14408:C>T']
BA.3	20	1	0.05	['28882:G']	['28882:G>A']
BA.1	26	1	0.038461538461538464	['28882:G']	['28882:G>A']
BA.5	27	1	0.037037037037037035	['28882:G']	['28882:G>A']
BA.2	31	1	0.03225806451612903	['28882:G']	['28882:G>A']
BA.4	31	1	0.03225806451612903	['28882:G']	['28882:G>A']
B.1.1.7	21	0	0.0	[]	[]
B.1.1.318	19	0	0.0	[]	[]
XE-parent2	19	0	0.0	[]	[]
P.1	14	0	0.0	[]	[]
A.23.1	12	0	0.0	[]	[]
B.1.351	12	0	0.0	[]	[]
B.1.617.3	12	0	0.0	[]	[]
AV.1	10	0	0.0	[]	[]
AY.1	9	0	0.0	[]	[]
B.1.617.2	9	0	0.0	[]	[]
B.1.617.1	7	0	0.0	[]	[]
XBB-parent1	6	0	0.0	[]	[]
XBB.1.16	5	0	0.0	[]	[]
XBB.1.5	4	0	0.0	[]	[]
XE-parent1	4	0	0.0	[]	[]
AY.4.2	3	0	0.0	[]	[]
XBB.1	3	0	0.0	[]	[]
XE	3	0	0.0	[]	[]
XBB-parent2	1	0	0.0	[]	[]
