label	n_specific_sites	n_minor_supported_sites	minor_median_af	minor_mean_af	minor_supported_sites	minor_supported_mutations	minor_supported_alt_dp	minor_supported_total_dp	passes_minor_rule
AY.1	9	3	0.282676	0.25968366666666665	['22813:G', '25469:C', '28461:A']	['22813:G>T', '25469:C>T', '28461:A>G']	[70745.0, 8088.0, 26568.0]	[250269.0, 71004.0, 69465.0]	False
B.1.1.529	27	3	0.140356	0.150485	['22992:G', '23013:A', '23948:G']	['22992:G>A', '23013:A>C', '23948:G>T']	[10502.0, 10696.0, 6833.0]	[75822.0, 76206.0, 39591.0]	False
B.1.1.7	21	2	0.21524549999999998	0.21524549999999998	['23709:C', '27972:C']	['23709:C>T', '27972:C>T']	[26004.0, 21021.0]	[110835.0, 107320.0]	False
B.1.617.2	9	2	0.19829249999999998	0.19829249999999998	['25469:C', '28461:A']	['25469:C>T', '28461:A>G']	[70745.0, 8088.0]	[250269.0, 71004.0]	False
XBB.1	3	1	0.382466	0.382466	['22813:G']	['22813:G>T']	[26568.0]	[69465.0]	False
B.1.617.1	7	1	0.282676	0.282676	['25469:C']	['25469:C>T']	[70745.0]	[250269.0]	False
AY.4.2	3	1	0.220402	0.220402	['22227:C']	['22227:C>T']	[41891.0]	[190066.0]	False
B.1.526	18	1	0.140356	0.140356	['22992:G']	['22992:G>A']	[10696.0]	[76206.0]	False
A.23.1	12	0	0.0	0.0	[]	[]	[]	[]	False
AV.1	10	0	0.0	0.0	[]	[]	[]	[]	False
AY.4	16	0	0.0	0.0	[]	[]	[]	[]	False
B.1.1.318	19	0	0.0	0.0	[]	[]	[]	[]	False
B.1.351	12	0	0.0	0.0	[]	[]	[]	[]	False
B.1.427	11	0	0.0	0.0	[]	[]	[]	[]	False
B.1.429	12	0	0.0	0.0	[]	[]	[]	[]	False
B.1.525	16	0	0.0	0.0	[]	[]	[]	[]	False
B.1.617.3	12	0	0.0	0.0	[]	[]	[]	[]	False
B.1.621	21	0	0.0	0.0	[]	[]	[]	[]	False
BA.1	26	0	0.0	0.0	[]	[]	[]	[]	False
BA.2	31	0	0.0	0.0	[]	[]	[]	[]	False
BA.3	20	0	0.0	0.0	[]	[]	[]	[]	False
BA.4	31	0	0.0	0.0	[]	[]	[]	[]	False
BA.5	27	0	0.0	0.0	[]	[]	[]	[]	False
P.1	14	0	0.0	0.0	[]	[]	[]	[]	False
P.2	6	0	0.0	0.0	[]	[]	[]	[]	False
P.3	14	0	0.0	0.0	[]	[]	[]	[]	False
XBB	13	0	0.0	0.0	[]	[]	[]	[]	False
XBB-parent1	6	0	0.0	0.0	[]	[]	[]	[]	False
XBB-parent2	1	0	0.0	0.0	[]	[]	[]	[]	False
XBB.1.16	5	0	0.0	0.0	[]	[]	[]	[]	False
XBB.1.5	4	0	0.0	0.0	[]	[]	[]	[]	False
XE	3	0	0.0	0.0	[]	[]	[]	[]	False
XE-parent1	4	0	0.0	0.0	[]	[]	[]	[]	False
XE-parent2	19	0	0.0	0.0	[]	[]	[]	[]	False
