label	n_specific_sites	n_minor_supported_sites	minor_median_af	minor_mean_af	minor_supported_sites	minor_supported_mutations	minor_supported_alt_dp	minor_supported_total_dp	passes_minor_rule
AY.1	9	3	0.364274	0.28883533333333333	['22813:G', '27638:T', '28461:A']	['22813:G>T', '27638:T>C', '28461:A>G']	[34231.0, 4756.0, 11165.0]	[88986.0, 40458.0, 30650.0]	False
B.1.1.529	27	3	0.126978	0.14178433333333332	['22992:G', '23013:A', '23948:G']	['22992:G>A', '23013:A>C', '23948:G>T']	[5052.0, 5104.0, 3634.0]	[39825.0, 40196.0, 21187.0]	False
B.1.617.2	9	2	0.251116	0.251116	['27638:T', '28461:A']	['27638:T>C', '28461:A>G']	[34231.0, 4756.0]	[88986.0, 40458.0]	False
B.1.1.7	21	2	0.21251799999999998	0.21251799999999998	['23709:C', '27972:C']	['23709:C>T', '27972:C>T']	[11428.0, 10473.0]	[51558.0, 51494.0]	False
B.1.617.1	7	1	0.384678	0.384678	['27638:T']	['27638:T>C']	[34231.0]	[88986.0]	False
B.1.617.3	12	1	0.384678	0.384678	['27638:T']	['27638:T>C']	[34231.0]	[88986.0]	False
XBB.1	3	1	0.364274	0.364274	['22813:G']	['22813:G>T']	[11165.0]	[30650.0]	False
AY.4.2	3	1	0.206659	0.206659	['22227:C']	['22227:C>T']	[15536.0]	[75177.0]	False
B.1.526	18	1	0.126978	0.126978	['22992:G']	['22992:G>A']	[5104.0]	[40196.0]	False
A.23.1	12	0	0.0	0.0	[]	[]	[]	[]	False
AV.1	10	0	0.0	0.0	[]	[]	[]	[]	False
AY.4	16	0	0.0	0.0	[]	[]	[]	[]	False
B.1.1.318	19	0	0.0	0.0	[]	[]	[]	[]	False
B.1.351	12	0	0.0	0.0	[]	[]	[]	[]	False
B.1.427	11	0	0.0	0.0	[]	[]	[]	[]	False
B.1.429	12	0	0.0	0.0	[]	[]	[]	[]	False
B.1.525	16	0	0.0	0.0	[]	[]	[]	[]	False
B.1.621	21	0	0.0	0.0	[]	[]	[]	[]	False
BA.1	26	0	0.0	0.0	[]	[]	[]	[]	False
BA.2	31	0	0.0	0.0	[]	[]	[]	[]	False
BA.3	20	0	0.0	0.0	[]	[]	[]	[]	False
BA.4	31	0	0.0	0.0	[]	[]	[]	[]	False
BA.5	27	0	0.0	0.0	[]	[]	[]	[]	False
P.1	14	0	0.0	0.0	[]	[]	[]	[]	False
P.2	6	0	0.0	0.0	[]	[]	[]	[]	False
P.3	14	0	0.0	0.0	[]	[]	[]	[]	False
XBB	13	0	0.0	0.0	[]	[]	[]	[]	False
XBB-parent1	6	0	0.0	0.0	[]	[]	[]	[]	False
XBB-parent2	1	0	0.0	0.0	[]	[]	[]	[]	False
XBB.1.16	5	0	0.0	0.0	[]	[]	[]	[]	False
XBB.1.5	4	0	0.0	0.0	[]	[]	[]	[]	False
XE	3	0	0.0	0.0	[]	[]	[]	[]	False
XE-parent1	4	0	0.0	0.0	[]	[]	[]	[]	False
XE-parent2	19	0	0.0	0.0	[]	[]	[]	[]	False
