label	n_specific_sites	n_minor_supported_sites	minor_median_af	minor_mean_af	minor_supported_sites	minor_supported_mutations	minor_supported_alt_dp	minor_supported_total_dp	passes_minor_rule
AY.1	8	4	0.15540500000000002	0.19570450000000003	['24410:G', '25469:C', '28461:A', '29402:G']	['24410:G>A', '25469:C>T', '28461:A>G', '29402:G>T']	[16151.0, 26319.0, 4022.0, 10723.0]	[43513.0, 125818.0, 39576.0, 106345.0]	False
B.1.617.2	7	4	0.15540500000000002	0.19570450000000003	['24410:G', '25469:C', '28461:A', '29402:G']	['24410:G>A', '25469:C>T', '28461:A>G', '29402:G>T']	[16151.0, 26319.0, 4022.0, 10723.0]	[43513.0, 125818.0, 39576.0, 106345.0]	False
B.1.617.3	12	2	0.236004	0.236004	['24410:G', '29402:G']	['24410:G>A', '29402:G>T']	[16151.0, 10723.0]	[43513.0, 106345.0]	False
B.1.1.7	21	2	0.182115	0.182115	['23709:C', '27972:C']	['23709:C>T', '27972:C>T']	[11524.0, 15996.0]	[68588.0, 81524.0]	False
B.1.621	21	1	0.371176	0.371176	['24410:G']	['24410:G>A']	[16151.0]	[43513.0]	False
BA.1	26	1	0.341103	0.341103	['25000:C']	['25000:C>T']	[10375.0]	[30416.0]	False
BA.2	31	1	0.341103	0.341103	['25000:C']	['25000:C>T']	[10375.0]	[30416.0]	False
BA.4	31	1	0.341103	0.341103	['25000:C']	['25000:C>T']	[10375.0]	[30416.0]	False
BA.5	27	1	0.341103	0.341103	['25000:C']	['25000:C>T']	[10375.0]	[30416.0]	False
XE-parent2	19	1	0.341103	0.341103	['25000:C']	['25000:C>T']	[10375.0]	[30416.0]	False
B.1.617.1	7	1	0.209183	0.209183	['25469:C']	['25469:C>T']	[26319.0]	[125818.0]	False
AY.4.2	3	1	0.208898	0.208898	['22227:C']	['22227:C>T']	[10184.0]	[48751.0]	False
A.23.1	12	0	0.0	0.0	[]	[]	[]	[]	False
AV.1	8	0	0.0	0.0	[]	[]	[]	[]	False
AY.4	17	0	0.0	0.0	[]	[]	[]	[]	False
B.1.1.318	17	0	0.0	0.0	[]	[]	[]	[]	False
B.1.351	12	0	0.0	0.0	[]	[]	[]	[]	False
B.1.427	10	0	0.0	0.0	[]	[]	[]	[]	False
B.1.429	11	0	0.0	0.0	[]	[]	[]	[]	False
B.1.525	17	0	0.0	0.0	[]	[]	[]	[]	False
B.1.526	17	0	0.0	0.0	[]	[]	[]	[]	False
BA.3	20	0	0.0	0.0	[]	[]	[]	[]	False
C.37	12	0	0.0	0.0	[]	[]	[]	[]	False
P.1	14	0	0.0	0.0	[]	[]	[]	[]	False
P.2	6	0	0.0	0.0	[]	[]	[]	[]	False
P.3	15	0	0.0	0.0	[]	[]	[]	[]	False
XBB	14	0	0.0	0.0	[]	[]	[]	[]	False
XBB-parent1	5	0	0.0	0.0	[]	[]	[]	[]	False
XBB-parent2	1	0	0.0	0.0	[]	[]	[]	[]	False
XBB.1	3	0	0.0	0.0	[]	[]	[]	[]	False
XBB.1.16	5	0	0.0	0.0	[]	[]	[]	[]	False
XBB.1.5	4	0	0.0	0.0	[]	[]	[]	[]	False
XE	3	0	0.0	0.0	[]	[]	[]	[]	False
XE-parent1	4	0	0.0	0.0	[]	[]	[]	[]	False
