label	n_specific_sites	n_minor_supported_sites	minor_median_af	minor_mean_af	minor_supported_sites	minor_supported_mutations	minor_supported_alt_dp	minor_supported_total_dp	passes_minor_rule
AY.1	9	3	0.285088	0.2673433333333333	['22813:G', '25469:C', '28461:A']	['22813:G>T', '25469:C>T', '28461:A>G']	[59261.0, 7267.0, 20132.0]	[207869.0, 47402.0, 55363.0]	False
B.1.1.529	27	3	0.145642	0.14551	['22992:G', '23013:A', '23948:G']	['22992:G>A', '23013:A>C', '23948:G>T']	[13412.0, 13754.0, 8948.0]	[93305.0, 94437.0, 60811.0]	False
B.1.617.2	9	2	0.219197	0.219197	['25469:C', '28461:A']	['25469:C>T', '28461:A>G']	[59261.0, 7267.0]	[207869.0, 47402.0]	False
B.1.1.7	21	2	0.21210400000000001	0.21210400000000001	['23709:C', '27972:C']	['23709:C>T', '27972:C>T']	[19268.0, 21757.0]	[82237.0, 114565.0]	False
XBB.1	3	1	0.363636	0.363636	['22813:G']	['22813:G>T']	[20132.0]	[55363.0]	False
B.1.617.1	7	1	0.285088	0.285088	['25469:C']	['25469:C>T']	[59261.0]	[207869.0]	False
AY.4.2	3	1	0.206764	0.206764	['22227:C']	['22227:C>T']	[24321.0]	[117627.0]	False
B.1.526	18	1	0.145642	0.145642	['22992:G']	['22992:G>A']	[13754.0]	[94437.0]	False
A.23.1	12	0	0.0	0.0	[]	[]	[]	[]	False
AV.1	10	0	0.0	0.0	[]	[]	[]	[]	False
AY.4	16	0	0.0	0.0	[]	[]	[]	[]	False
B.1.1.318	19	0	0.0	0.0	[]	[]	[]	[]	False
B.1.351	12	0	0.0	0.0	[]	[]	[]	[]	False
B.1.427	11	0	0.0	0.0	[]	[]	[]	[]	False
B.1.429	12	0	0.0	0.0	[]	[]	[]	[]	False
B.1.525	16	0	0.0	0.0	[]	[]	[]	[]	False
B.1.617.3	12	0	0.0	0.0	[]	[]	[]	[]	False
B.1.621	21	0	0.0	0.0	[]	[]	[]	[]	False
BA.1	26	0	0.0	0.0	[]	[]	[]	[]	False
BA.2	31	0	0.0	0.0	[]	[]	[]	[]	False
BA.3	20	0	0.0	0.0	[]	[]	[]	[]	False
BA.4	31	0	0.0	0.0	[]	[]	[]	[]	False
BA.5	27	0	0.0	0.0	[]	[]	[]	[]	False
P.1	14	0	0.0	0.0	[]	[]	[]	[]	False
P.2	6	0	0.0	0.0	[]	[]	[]	[]	False
P.3	14	0	0.0	0.0	[]	[]	[]	[]	False
XBB	13	0	0.0	0.0	[]	[]	[]	[]	False
XBB-parent1	6	0	0.0	0.0	[]	[]	[]	[]	False
XBB-parent2	1	0	0.0	0.0	[]	[]	[]	[]	False
XBB.1.16	5	0	0.0	0.0	[]	[]	[]	[]	False
XBB.1.5	4	0	0.0	0.0	[]	[]	[]	[]	False
XE	3	0	0.0	0.0	[]	[]	[]	[]	False
XE-parent1	4	0	0.0	0.0	[]	[]	[]	[]	False
XE-parent2	19	0	0.0	0.0	[]	[]	[]	[]	False
