label	n_specific_sites	n_minor_supported_sites	minor_median_af	minor_mean_af	minor_supported_sites	minor_supported_mutations	minor_supported_alt_dp	minor_supported_total_dp	passes_minor_rule
AY.1	8	3	0.165035	0.194057	['25469:C', '28461:A', '29402:G']	['25469:C>T', '28461:A>G', '29402:G>T']	[107897.0, 30171.0, 36525.0]	[342889.0, 182816.0, 356458.0]	False
B.1.617.2	7	3	0.165035	0.194057	['25469:C', '28461:A', '29402:G']	['25469:C>T', '28461:A>G', '29402:G>T']	[107897.0, 30171.0, 36525.0]	[342889.0, 182816.0, 356458.0]	False
BA.1	26	2	0.28833600000000004	0.28833600000000004	['13195:T', '25000:C']	['13195:T>C', '25000:C>T']	[14447.0, 23487.0]	[40158.0, 108276.0]	False
B.1.1.7	21	2	0.21405200000000002	0.21405200000000002	['23709:C', '27972:C']	['23709:C>T', '27972:C>T']	[32983.0, 31384.0]	[138042.0, 165905.0]	False
BA.2	31	1	0.359754	0.359754	['25000:C']	['25000:C>T']	[14447.0]	[40158.0]	False
BA.4	31	1	0.359754	0.359754	['25000:C']	['25000:C>T']	[14447.0]	[40158.0]	False
BA.5	27	1	0.359754	0.359754	['25000:C']	['25000:C>T']	[14447.0]	[40158.0]	False
XE-parent2	19	1	0.359754	0.359754	['25000:C']	['25000:C>T']	[14447.0]	[40158.0]	False
B.1.617.1	7	1	0.31467	0.31467	['25469:C']	['25469:C>T']	[107897.0]	[342889.0]	False
B.1.621	21	1	0.287324	0.287324	['22599:G']	['22599:G>A']	[4234.0]	[14736.0]	False
AY.4.2	3	1	0.161932	0.161932	['22227:C']	['22227:C>T']	[8471.0]	[52312.0]	False
B.1.617.3	12	1	0.102466	0.102466	['29402:G']	['29402:G>T']	[36525.0]	[356458.0]	False
A.23.1	12	0	0.0	0.0	[]	[]	[]	[]	False
AV.1	8	0	0.0	0.0	[]	[]	[]	[]	False
AY.4	17	0	0.0	0.0	[]	[]	[]	[]	False
B.1.1.318	17	0	0.0	0.0	[]	[]	[]	[]	False
B.1.351	12	0	0.0	0.0	[]	[]	[]	[]	False
B.1.427	10	0	0.0	0.0	[]	[]	[]	[]	False
B.1.429	11	0	0.0	0.0	[]	[]	[]	[]	False
B.1.525	17	0	0.0	0.0	[]	[]	[]	[]	False
B.1.526	17	0	0.0	0.0	[]	[]	[]	[]	False
BA.3	20	0	0.0	0.0	[]	[]	[]	[]	False
C.37	12	0	0.0	0.0	[]	[]	[]	[]	False
P.1	14	0	0.0	0.0	[]	[]	[]	[]	False
P.2	6	0	0.0	0.0	[]	[]	[]	[]	False
P.3	15	0	0.0	0.0	[]	[]	[]	[]	False
XBB	14	0	0.0	0.0	[]	[]	[]	[]	False
XBB-parent1	5	0	0.0	0.0	[]	[]	[]	[]	False
XBB-parent2	1	0	0.0	0.0	[]	[]	[]	[]	False
XBB.1	3	0	0.0	0.0	[]	[]	[]	[]	False
XBB.1.16	5	0	0.0	0.0	[]	[]	[]	[]	False
XBB.1.5	4	0	0.0	0.0	[]	[]	[]	[]	False
XE	3	0	0.0	0.0	[]	[]	[]	[]	False
XE-parent1	4	0	0.0	0.0	[]	[]	[]	[]	False
