label	n_specific_sites	n_minor_supported_sites	minor_median_af	minor_mean_af	minor_supported_sites	minor_supported_mutations	minor_supported_alt_dp	minor_supported_total_dp	passes_minor_rule
AY.1	9	5	0.356129	0.3019002	['22813:G', '24410:G', '25469:C', '27638:T', '28461:A']	['22813:G>T', '24410:G>A', '25469:C>T', '27638:T>C', '28461:A>G']	[3991.0, 33486.0, 64198.0, 15112.0, 15550.0]	[10351.0, 84762.0, 261997.0, 118328.0, 43664.0]	True
B.1.617.2	9	4	0.3153	0.288343	['24410:G', '25469:C', '27638:T', '28461:A']	['24410:G>A', '25469:C>T', '27638:T>C', '28461:A>G']	[3991.0, 33486.0, 64198.0, 15112.0]	[10351.0, 84762.0, 261997.0, 118328.0]	False
B.1.1.529	27	4	0.1390275	0.13733725	['10449:C', '22992:G', '23013:A', '23948:G']	['10449:C>A', '22992:G>A', '23013:A>C', '23948:G>T']	[9617.0, 9834.0, 8413.0, 3456.0]	[69872.0, 70034.0, 50854.0, 32647.0]	False
B.1.617.3	12	2	0.390313	0.390313	['24410:G', '27638:T']	['24410:G>A', '27638:T>C']	[3991.0, 33486.0]	[10351.0, 84762.0]	False
B.1.617.1	7	2	0.3153	0.3153	['25469:C', '27638:T']	['25469:C>T', '27638:T>C']	[3991.0, 64198.0]	[10351.0, 261997.0]	False
B.1.1.7	21	2	0.1847675	0.1847675	['23709:C', '27972:C']	['23709:C>T', '27972:C>T']	[22110.0, 20563.0]	[109708.0, 122399.0]	False
B.1.621	21	1	0.395059	0.395059	['24410:G']	['24410:G>A']	[33486.0]	[84762.0]	False
XBB.1	3	1	0.356129	0.356129	['22813:G']	['22813:G>T']	[15550.0]	[43664.0]	False
AY.4.2	3	1	0.243724	0.243724	['22227:C']	['22227:C>T']	[37533.0]	[153998.0]	False
B.1.526	18	1	0.140418	0.140418	['22992:G']	['22992:G>A']	[9834.0]	[70034.0]	False
A.23.1	12	0	0.0	0.0	[]	[]	[]	[]	False
AV.1	10	0	0.0	0.0	[]	[]	[]	[]	False
AY.4	16	0	0.0	0.0	[]	[]	[]	[]	False
B.1.1.318	19	0	0.0	0.0	[]	[]	[]	[]	False
B.1.351	12	0	0.0	0.0	[]	[]	[]	[]	False
B.1.427	11	0	0.0	0.0	[]	[]	[]	[]	False
B.1.429	12	0	0.0	0.0	[]	[]	[]	[]	False
B.1.525	16	0	0.0	0.0	[]	[]	[]	[]	False
BA.1	26	0	0.0	0.0	[]	[]	[]	[]	False
BA.2	31	0	0.0	0.0	[]	[]	[]	[]	False
BA.3	20	0	0.0	0.0	[]	[]	[]	[]	False
BA.4	31	0	0.0	0.0	[]	[]	[]	[]	False
BA.5	27	0	0.0	0.0	[]	[]	[]	[]	False
P.1	14	0	0.0	0.0	[]	[]	[]	[]	False
P.2	6	0	0.0	0.0	[]	[]	[]	[]	False
P.3	14	0	0.0	0.0	[]	[]	[]	[]	False
XBB	13	0	0.0	0.0	[]	[]	[]	[]	False
XBB-parent1	6	0	0.0	0.0	[]	[]	[]	[]	False
XBB-parent2	1	0	0.0	0.0	[]	[]	[]	[]	False
XBB.1.16	5	0	0.0	0.0	[]	[]	[]	[]	False
XBB.1.5	4	0	0.0	0.0	[]	[]	[]	[]	False
XE	3	0	0.0	0.0	[]	[]	[]	[]	False
XE-parent1	4	0	0.0	0.0	[]	[]	[]	[]	False
XE-parent2	19	0	0.0	0.0	[]	[]	[]	[]	False
