label	n_specific_sites	n_minor_supported_sites	minor_median_af	minor_mean_af	minor_supported_sites	minor_supported_mutations	minor_supported_alt_dp	minor_supported_total_dp	passes_minor_rule
AY.1	9	4	0.29982050000000005	0.2779625	['22813:G', '24410:G', '25469:C', '28461:A']	['22813:G>T', '24410:G>A', '25469:C>T', '28461:A>G']	[21032.0, 13432.0, 2386.0, 10781.0]	[53568.0, 56040.0, 19952.0, 29951.0]	False
B.1.617.2	9	3	0.239686	0.2506316666666667	['24410:G', '25469:C', '28461:A']	['24410:G>A', '25469:C>T', '28461:A>G']	[21032.0, 13432.0, 2386.0]	[53568.0, 56040.0, 19952.0]	False
B.1.1.529	27	3	0.145922	0.146507	['22992:G', '23013:A', '23948:G']	['22992:G>A', '23013:A>C', '23948:G>T']	[6252.0, 6190.0, 3360.0]	[42313.0, 42443.0, 23026.0]	False
B.1.1.7	21	2	0.214313	0.214313	['23709:C', '27972:C']	['23709:C>T', '27972:C>T']	[10293.0, 12962.0]	[45079.0, 64715.0]	False
B.1.617.3	12	1	0.392622	0.392622	['24410:G']	['24410:G>A']	[21032.0]	[53568.0]	False
B.1.621	21	1	0.392622	0.392622	['24410:G']	['24410:G>A']	[21032.0]	[53568.0]	False
XBB.1	3	1	0.359955	0.359955	['22813:G']	['22813:G>T']	[10781.0]	[29951.0]	False
B.1.617.1	7	1	0.239686	0.239686	['25469:C']	['25469:C>T']	[13432.0]	[56040.0]	False
B.1.526	18	1	0.145843	0.145843	['22992:G']	['22992:G>A']	[6190.0]	[42443.0]	False
AY.4.2	3	1	0.145365	0.145365	['22227:C']	['22227:C>T']	[10616.0]	[73030.0]	False
A.23.1	12	0	0.0	0.0	[]	[]	[]	[]	False
AV.1	10	0	0.0	0.0	[]	[]	[]	[]	False
AY.4	16	0	0.0	0.0	[]	[]	[]	[]	False
B.1.1.318	19	0	0.0	0.0	[]	[]	[]	[]	False
B.1.351	12	0	0.0	0.0	[]	[]	[]	[]	False
B.1.427	11	0	0.0	0.0	[]	[]	[]	[]	False
B.1.429	12	0	0.0	0.0	[]	[]	[]	[]	False
B.1.525	16	0	0.0	0.0	[]	[]	[]	[]	False
BA.1	26	0	0.0	0.0	[]	[]	[]	[]	False
BA.2	31	0	0.0	0.0	[]	[]	[]	[]	False
BA.3	20	0	0.0	0.0	[]	[]	[]	[]	False
BA.4	31	0	0.0	0.0	[]	[]	[]	[]	False
BA.5	27	0	0.0	0.0	[]	[]	[]	[]	False
P.1	14	0	0.0	0.0	[]	[]	[]	[]	False
P.2	6	0	0.0	0.0	[]	[]	[]	[]	False
P.3	14	0	0.0	0.0	[]	[]	[]	[]	False
XBB	13	0	0.0	0.0	[]	[]	[]	[]	False
XBB-parent1	6	0	0.0	0.0	[]	[]	[]	[]	False
XBB-parent2	1	0	0.0	0.0	[]	[]	[]	[]	False
XBB.1.16	5	0	0.0	0.0	[]	[]	[]	[]	False
XBB.1.5	4	0	0.0	0.0	[]	[]	[]	[]	False
XE	3	0	0.0	0.0	[]	[]	[]	[]	False
XE-parent1	4	0	0.0	0.0	[]	[]	[]	[]	False
XE-parent2	19	0	0.0	0.0	[]	[]	[]	[]	False
