label	n_specific_sites	n_minor_supported_sites	minor_median_af	minor_mean_af	minor_supported_sites	minor_supported_mutations	minor_supported_alt_dp	minor_supported_total_dp	passes_minor_rule
AY.1	8	4	0.334701	0.3049365	['24410:G', '25469:C', '27638:T', '28461:A']	['24410:G>A', '25469:C>T', '27638:T>C', '28461:A>G']	[91507.0, 29229.0, 55915.0, 17159.0]	[237905.0, 73848.0, 196355.0, 111029.0]	False
B.1.617.2	7	4	0.334701	0.3049365	['24410:G', '25469:C', '27638:T', '28461:A']	['24410:G>A', '25469:C>T', '27638:T>C', '28461:A>G']	[91507.0, 29229.0, 55915.0, 17159.0]	[237905.0, 73848.0, 196355.0, 111029.0]	False
B.1.617.3	12	2	0.390218	0.390218	['24410:G', '27638:T']	['24410:G>A', '27638:T>C']	[91507.0, 29229.0]	[237905.0, 73848.0]	False
BA.1	26	2	0.34770999999999996	0.34770999999999996	['13195:T', '25000:C']	['13195:T>C', '25000:C>T']	[18398.0, 22632.0]	[53312.0, 64604.0]	False
B.1.617.1	7	2	0.334701	0.334701	['25469:C', '27638:T']	['25469:C>T', '27638:T>C']	[91507.0, 55915.0]	[237905.0, 196355.0]	False
B.1.1.7	21	2	0.2033335	0.2033335	['23709:C', '27972:C']	['23709:C>T', '27972:C>T']	[28261.0, 20928.0]	[115839.0, 128630.0]	False
B.1.621	21	1	0.395799	0.395799	['24410:G']	['24410:G>A']	[29229.0]	[73848.0]	False
BA.2	31	1	0.345101	0.345101	['25000:C']	['25000:C>T']	[18398.0]	[53312.0]	False
BA.4	31	1	0.345101	0.345101	['25000:C']	['25000:C>T']	[18398.0]	[53312.0]	False
BA.5	27	1	0.345101	0.345101	['25000:C']	['25000:C>T']	[18398.0]	[53312.0]	False
XE-parent2	19	1	0.345101	0.345101	['25000:C']	['25000:C>T']	[18398.0]	[53312.0]	False
AY.4.2	3	1	0.162665	0.162665	['22227:C']	['22227:C>T']	[9722.0]	[59767.0]	False
A.23.1	12	0	0.0	0.0	[]	[]	[]	[]	False
AV.1	8	0	0.0	0.0	[]	[]	[]	[]	False
AY.4	17	0	0.0	0.0	[]	[]	[]	[]	False
B.1.1.318	17	0	0.0	0.0	[]	[]	[]	[]	False
B.1.351	12	0	0.0	0.0	[]	[]	[]	[]	False
B.1.427	10	0	0.0	0.0	[]	[]	[]	[]	False
B.1.429	11	0	0.0	0.0	[]	[]	[]	[]	False
B.1.525	17	0	0.0	0.0	[]	[]	[]	[]	False
B.1.526	17	0	0.0	0.0	[]	[]	[]	[]	False
BA.3	20	0	0.0	0.0	[]	[]	[]	[]	False
C.37	12	0	0.0	0.0	[]	[]	[]	[]	False
P.1	14	0	0.0	0.0	[]	[]	[]	[]	False
P.2	6	0	0.0	0.0	[]	[]	[]	[]	False
P.3	15	0	0.0	0.0	[]	[]	[]	[]	False
XBB	14	0	0.0	0.0	[]	[]	[]	[]	False
XBB-parent1	5	0	0.0	0.0	[]	[]	[]	[]	False
XBB-parent2	1	0	0.0	0.0	[]	[]	[]	[]	False
XBB.1	3	0	0.0	0.0	[]	[]	[]	[]	False
XBB.1.16	5	0	0.0	0.0	[]	[]	[]	[]	False
XBB.1.5	4	0	0.0	0.0	[]	[]	[]	[]	False
XE	3	0	0.0	0.0	[]	[]	[]	[]	False
XE-parent1	4	0	0.0	0.0	[]	[]	[]	[]	False
