label	n_specific_sites	n_minor_supported_sites	minor_median_af	minor_mean_af	minor_supported_sites	minor_supported_mutations	minor_supported_alt_dp	minor_supported_total_dp	passes_minor_rule
AY.1	9	4	0.337005	0.294962	['22813:G', '24410:G', '25469:C', '28461:A']	['22813:G>T', '24410:G>A', '25469:C>T', '28461:A>G']	[29708.0, 52306.0, 7544.0, 20902.0]	[76418.0, 182799.0, 64434.0, 53889.0]	False
B.1.617.2	9	3	0.286139	0.26399233333333333	['24410:G', '25469:C', '28461:A']	['24410:G>A', '25469:C>T', '28461:A>G']	[29708.0, 52306.0, 7544.0]	[76418.0, 182799.0, 64434.0]	False
B.1.1.529	27	3	0.132962	0.14470233333333335	['22992:G', '23013:A', '23948:G']	['22992:G>A', '23013:A>C', '23948:G>T']	[8376.0, 8481.0, 6643.0]	[63407.0, 63785.0, 39297.0]	False
B.1.1.7	21	2	0.238701	0.238701	['23709:C', '27972:C']	['23709:C>T', '27972:C>T']	[19995.0, 18833.0]	[73202.0, 92204.0]	False
B.1.617.3	12	1	0.388757	0.388757	['24410:G']	['24410:G>A']	[29708.0]	[76418.0]	False
B.1.621	21	1	0.388757	0.388757	['24410:G']	['24410:G>A']	[29708.0]	[76418.0]	False
XBB.1	3	1	0.387871	0.387871	['22813:G']	['22813:G>T']	[20902.0]	[53889.0]	False
B.1.617.1	7	1	0.286139	0.286139	['25469:C']	['25469:C>T']	[52306.0]	[182799.0]	False
AY.4.2	3	1	0.224785	0.224785	['22227:C']	['22227:C>T']	[24219.0]	[107743.0]	False
B.1.526	18	1	0.132962	0.132962	['22992:G']	['22992:G>A']	[8481.0]	[63785.0]	False
A.23.1	12	0	0.0	0.0	[]	[]	[]	[]	False
AV.1	10	0	0.0	0.0	[]	[]	[]	[]	False
AY.4	16	0	0.0	0.0	[]	[]	[]	[]	False
B.1.1.318	19	0	0.0	0.0	[]	[]	[]	[]	False
B.1.351	12	0	0.0	0.0	[]	[]	[]	[]	False
B.1.427	11	0	0.0	0.0	[]	[]	[]	[]	False
B.1.429	12	0	0.0	0.0	[]	[]	[]	[]	False
B.1.525	16	0	0.0	0.0	[]	[]	[]	[]	False
BA.1	26	0	0.0	0.0	[]	[]	[]	[]	False
BA.2	31	0	0.0	0.0	[]	[]	[]	[]	False
BA.3	20	0	0.0	0.0	[]	[]	[]	[]	False
BA.4	31	0	0.0	0.0	[]	[]	[]	[]	False
BA.5	27	0	0.0	0.0	[]	[]	[]	[]	False
P.1	14	0	0.0	0.0	[]	[]	[]	[]	False
P.2	6	0	0.0	0.0	[]	[]	[]	[]	False
P.3	14	0	0.0	0.0	[]	[]	[]	[]	False
XBB	13	0	0.0	0.0	[]	[]	[]	[]	False
XBB-parent1	6	0	0.0	0.0	[]	[]	[]	[]	False
XBB-parent2	1	0	0.0	0.0	[]	[]	[]	[]	False
XBB.1.16	5	0	0.0	0.0	[]	[]	[]	[]	False
XBB.1.5	4	0	0.0	0.0	[]	[]	[]	[]	False
XE	3	0	0.0	0.0	[]	[]	[]	[]	False
XE-parent1	4	0	0.0	0.0	[]	[]	[]	[]	False
XE-parent2	19	0	0.0	0.0	[]	[]	[]	[]	False
