label	n_specific_sites	n_minor_supported_sites	minor_median_af	minor_mean_af	minor_supported_sites	minor_supported_mutations	minor_supported_alt_dp	minor_supported_total_dp	passes_minor_rule
AY.1	8	3	0.293053	0.28432066666666667	['24410:G', '25469:C', '28461:A']	['24410:G>A', '25469:C>T', '28461:A>G']	[20678.0, 47285.0, 8277.0]	[54166.0, 161353.0, 46459.0]	False
B.1.617.2	7	3	0.293053	0.28432066666666667	['24410:G', '25469:C', '28461:A']	['24410:G>A', '25469:C>T', '28461:A>G']	[20678.0, 47285.0, 8277.0]	[54166.0, 161353.0, 46459.0]	False
B.1.1.7	21	2	0.20310050000000002	0.20310050000000002	['23709:C', '27972:C']	['23709:C>T', '27972:C>T']	[17777.0, 18320.0]	[74620.0, 109069.0]	False
B.1.617.3	12	1	0.381752	0.381752	['24410:G']	['24410:G>A']	[20678.0]	[54166.0]	False
B.1.621	21	1	0.381752	0.381752	['24410:G']	['24410:G>A']	[20678.0]	[54166.0]	False
BA.1	26	1	0.351607	0.351607	['25000:C']	['25000:C>T']	[9659.0]	[27471.0]	False
BA.2	31	1	0.351607	0.351607	['25000:C']	['25000:C>T']	[9659.0]	[27471.0]	False
BA.4	31	1	0.351607	0.351607	['25000:C']	['25000:C>T']	[9659.0]	[27471.0]	False
BA.5	27	1	0.351607	0.351607	['25000:C']	['25000:C>T']	[9659.0]	[27471.0]	False
XE-parent2	19	1	0.351607	0.351607	['25000:C']	['25000:C>T']	[9659.0]	[27471.0]	False
B.1.617.1	7	1	0.293053	0.293053	['25469:C']	['25469:C>T']	[47285.0]	[161353.0]	False
AY.4.2	3	1	0.185485	0.185485	['22227:C']	['22227:C>T']	[10072.0]	[54301.0]	False
A.23.1	12	0	0.0	0.0	[]	[]	[]	[]	False
AV.1	8	0	0.0	0.0	[]	[]	[]	[]	False
AY.4	17	0	0.0	0.0	[]	[]	[]	[]	False
B.1.1.318	17	0	0.0	0.0	[]	[]	[]	[]	False
B.1.351	12	0	0.0	0.0	[]	[]	[]	[]	False
B.1.427	10	0	0.0	0.0	[]	[]	[]	[]	False
B.1.429	11	0	0.0	0.0	[]	[]	[]	[]	False
B.1.525	17	0	0.0	0.0	[]	[]	[]	[]	False
B.1.526	17	0	0.0	0.0	[]	[]	[]	[]	False
BA.3	20	0	0.0	0.0	[]	[]	[]	[]	False
C.37	12	0	0.0	0.0	[]	[]	[]	[]	False
P.1	14	0	0.0	0.0	[]	[]	[]	[]	False
P.2	6	0	0.0	0.0	[]	[]	[]	[]	False
P.3	15	0	0.0	0.0	[]	[]	[]	[]	False
XBB	14	0	0.0	0.0	[]	[]	[]	[]	False
XBB-parent1	5	0	0.0	0.0	[]	[]	[]	[]	False
XBB-parent2	1	0	0.0	0.0	[]	[]	[]	[]	False
XBB.1	3	0	0.0	0.0	[]	[]	[]	[]	False
XBB.1.16	5	0	0.0	0.0	[]	[]	[]	[]	False
XBB.1.5	4	0	0.0	0.0	[]	[]	[]	[]	False
XE	3	0	0.0	0.0	[]	[]	[]	[]	False
XE-parent1	4	0	0.0	0.0	[]	[]	[]	[]	False
