label	n_specific_sites	n_minor_supported_sites	minor_median_af	minor_mean_af	minor_supported_sites	minor_supported_mutations	minor_supported_alt_dp	minor_supported_total_dp	passes_minor_rule
AY.1	8	3	0.263116	0.2613906666666667	['24410:G', '25469:C', '28461:A']	['24410:G>A', '25469:C>T', '28461:A>G']	[43640.0, 83136.0, 15547.0]	[113705.0, 315967.0, 113270.0]	False
B.1.617.2	7	3	0.263116	0.2613906666666667	['24410:G', '25469:C', '28461:A']	['24410:G>A', '25469:C>T', '28461:A>G']	[43640.0, 83136.0, 15547.0]	[113705.0, 315967.0, 113270.0]	False
B.1.621	21	2	0.35837949999999996	0.35837949999999996	['22599:G', '24410:G']	['22599:G>A', '24410:G>A']	[4152.0, 43640.0]	[12470.0, 113705.0]	False
B.1.1.7	21	2	0.19480150000000002	0.19480150000000002	['23709:C', '27972:C']	['23709:C>T', '27972:C>T']	[31147.0, 32804.0]	[142603.0, 191629.0]	False
B.1.617.3	12	1	0.3838	0.3838	['24410:G']	['24410:G>A']	[43640.0]	[113705.0]	False
B.1.617.1	7	1	0.263116	0.263116	['25469:C']	['25469:C>T']	[83136.0]	[315967.0]	False
BA.1	26	1	0.25687	0.25687	['13195:T']	['13195:T>C']	[28565.0]	[111204.0]	False
AY.4.2	3	1	0.175882	0.175882	['22227:C']	['22227:C>T']	[17652.0]	[100363.0]	False
C.37	12	1	0.111252	0.111252	['28913:G']	['28913:G>T']	[2107.0]	[18939.0]	False
A.23.1	12	0	0.0	0.0	[]	[]	[]	[]	False
AV.1	8	0	0.0	0.0	[]	[]	[]	[]	False
AY.4	17	0	0.0	0.0	[]	[]	[]	[]	False
B.1.1.318	17	0	0.0	0.0	[]	[]	[]	[]	False
B.1.351	12	0	0.0	0.0	[]	[]	[]	[]	False
B.1.427	10	0	0.0	0.0	[]	[]	[]	[]	False
B.1.429	11	0	0.0	0.0	[]	[]	[]	[]	False
B.1.525	17	0	0.0	0.0	[]	[]	[]	[]	False
B.1.526	17	0	0.0	0.0	[]	[]	[]	[]	False
BA.2	31	0	0.0	0.0	[]	[]	[]	[]	False
BA.3	20	0	0.0	0.0	[]	[]	[]	[]	False
BA.4	31	0	0.0	0.0	[]	[]	[]	[]	False
BA.5	27	0	0.0	0.0	[]	[]	[]	[]	False
P.1	14	0	0.0	0.0	[]	[]	[]	[]	False
P.2	6	0	0.0	0.0	[]	[]	[]	[]	False
P.3	15	0	0.0	0.0	[]	[]	[]	[]	False
XBB	14	0	0.0	0.0	[]	[]	[]	[]	False
XBB-parent1	5	0	0.0	0.0	[]	[]	[]	[]	False
XBB-parent2	1	0	0.0	0.0	[]	[]	[]	[]	False
XBB.1	3	0	0.0	0.0	[]	[]	[]	[]	False
XBB.1.16	5	0	0.0	0.0	[]	[]	[]	[]	False
XBB.1.5	4	0	0.0	0.0	[]	[]	[]	[]	False
XE	3	0	0.0	0.0	[]	[]	[]	[]	False
XE-parent1	4	0	0.0	0.0	[]	[]	[]	[]	False
XE-parent2	19	0	0.0	0.0	[]	[]	[]	[]	False
