label	n_specific_sites	n_minor_supported_sites	minor_median_af	minor_mean_af	minor_supported_sites	minor_supported_mutations	minor_supported_alt_dp	minor_supported_total_dp	passes_minor_rule
AY.1	8	3	0.267699	0.25502	['24410:G', '25469:C', '28461:A']	['24410:G>A', '25469:C>T', '28461:A>G']	[24682.0, 58050.0, 8115.0]	[67692.0, 216848.0, 61135.0]	False
B.1.617.2	7	3	0.267699	0.25502	['24410:G', '25469:C', '28461:A']	['24410:G>A', '25469:C>T', '28461:A>G']	[24682.0, 58050.0, 8115.0]	[67692.0, 216848.0, 61135.0]	False
B.1.1.7	21	2	0.246343	0.246343	['23709:C', '27972:C']	['23709:C>T', '27972:C>T']	[20199.0, 21134.0]	[84266.0, 83540.0]	False
B.1.617.3	12	1	0.364622	0.364622	['24410:G']	['24410:G>A']	[24682.0]	[67692.0]	False
B.1.621	21	1	0.364622	0.364622	['24410:G']	['24410:G>A']	[24682.0]	[67692.0]	False
BA.1	26	1	0.314362	0.314362	['25000:C']	['25000:C>T']	[15035.0]	[47827.0]	False
BA.2	31	1	0.314362	0.314362	['25000:C']	['25000:C>T']	[15035.0]	[47827.0]	False
BA.4	31	1	0.314362	0.314362	['25000:C']	['25000:C>T']	[15035.0]	[47827.0]	False
BA.5	27	1	0.314362	0.314362	['25000:C']	['25000:C>T']	[15035.0]	[47827.0]	False
XE-parent2	19	1	0.314362	0.314362	['25000:C']	['25000:C>T']	[15035.0]	[47827.0]	False
B.1.617.1	7	1	0.267699	0.267699	['25469:C']	['25469:C>T']	[58050.0]	[216848.0]	False
AY.4.2	3	1	0.164821	0.164821	['22227:C']	['22227:C>T']	[12203.0]	[74038.0]	False
A.23.1	12	0	0.0	0.0	[]	[]	[]	[]	False
AV.1	8	0	0.0	0.0	[]	[]	[]	[]	False
AY.4	17	0	0.0	0.0	[]	[]	[]	[]	False
B.1.1.318	17	0	0.0	0.0	[]	[]	[]	[]	False
B.1.351	12	0	0.0	0.0	[]	[]	[]	[]	False
B.1.427	10	0	0.0	0.0	[]	[]	[]	[]	False
B.1.429	11	0	0.0	0.0	[]	[]	[]	[]	False
B.1.525	17	0	0.0	0.0	[]	[]	[]	[]	False
B.1.526	17	0	0.0	0.0	[]	[]	[]	[]	False
BA.3	20	0	0.0	0.0	[]	[]	[]	[]	False
C.37	12	0	0.0	0.0	[]	[]	[]	[]	False
P.1	14	0	0.0	0.0	[]	[]	[]	[]	False
P.2	6	0	0.0	0.0	[]	[]	[]	[]	False
P.3	15	0	0.0	0.0	[]	[]	[]	[]	False
XBB	14	0	0.0	0.0	[]	[]	[]	[]	False
XBB-parent1	5	0	0.0	0.0	[]	[]	[]	[]	False
XBB-parent2	1	0	0.0	0.0	[]	[]	[]	[]	False
XBB.1	3	0	0.0	0.0	[]	[]	[]	[]	False
XBB.1.16	5	0	0.0	0.0	[]	[]	[]	[]	False
XBB.1.5	4	0	0.0	0.0	[]	[]	[]	[]	False
XE	3	0	0.0	0.0	[]	[]	[]	[]	False
XE-parent1	4	0	0.0	0.0	[]	[]	[]	[]	False
