label	n_specific_sites	n_minor_supported_sites	minor_median_af	minor_mean_af	minor_supported_sites	minor_supported_mutations	minor_supported_alt_dp	minor_supported_total_dp	passes_minor_rule
AY.1	8	3	0.307118	0.2836826666666667	['24410:G', '25469:C', '28461:A']	['24410:G>A', '25469:C>T', '28461:A>G']	[39061.0, 108442.0, 24351.0]	[101241.0, 353096.0, 154015.0]	False
B.1.617.2	7	3	0.307118	0.2836826666666667	['24410:G', '25469:C', '28461:A']	['24410:G>A', '25469:C>T', '28461:A>G']	[39061.0, 108442.0, 24351.0]	[101241.0, 353096.0, 154015.0]	False
B.1.1.7	21	2	0.2053055	0.2053055	['23709:C', '27972:C']	['23709:C>T', '27972:C>T']	[42080.0, 35994.0]	[185659.0, 195663.0]	False
B.1.617.3	12	1	0.385822	0.385822	['24410:G']	['24410:G>A']	[39061.0]	[101241.0]	False
B.1.621	21	1	0.385822	0.385822	['24410:G']	['24410:G>A']	[39061.0]	[101241.0]	False
BA.1	26	1	0.339881	0.339881	['25000:C']	['25000:C>T']	[21907.0]	[64455.0]	False
BA.2	31	1	0.339881	0.339881	['25000:C']	['25000:C>T']	[21907.0]	[64455.0]	False
BA.4	31	1	0.339881	0.339881	['25000:C']	['25000:C>T']	[21907.0]	[64455.0]	False
BA.5	27	1	0.339881	0.339881	['25000:C']	['25000:C>T']	[21907.0]	[64455.0]	False
XE-parent2	19	1	0.339881	0.339881	['25000:C']	['25000:C>T']	[21907.0]	[64455.0]	False
B.1.617.1	7	1	0.307118	0.307118	['25469:C']	['25469:C>T']	[108442.0]	[353096.0]	False
AY.4.2	3	1	0.20376	0.20376	['22227:C']	['22227:C>T']	[26955.0]	[132288.0]	False
XBB-parent1	5	1	0.10738	0.10738	['25416:C']	['25416:C>T']	[13143.0]	[122397.0]	False
A.23.1	12	0	0.0	0.0	[]	[]	[]	[]	False
AV.1	8	0	0.0	0.0	[]	[]	[]	[]	False
AY.4	17	0	0.0	0.0	[]	[]	[]	[]	False
B.1.1.318	17	0	0.0	0.0	[]	[]	[]	[]	False
B.1.351	12	0	0.0	0.0	[]	[]	[]	[]	False
B.1.427	10	0	0.0	0.0	[]	[]	[]	[]	False
B.1.429	11	0	0.0	0.0	[]	[]	[]	[]	False
B.1.525	17	0	0.0	0.0	[]	[]	[]	[]	False
B.1.526	17	0	0.0	0.0	[]	[]	[]	[]	False
BA.3	20	0	0.0	0.0	[]	[]	[]	[]	False
C.37	12	0	0.0	0.0	[]	[]	[]	[]	False
P.1	14	0	0.0	0.0	[]	[]	[]	[]	False
P.2	6	0	0.0	0.0	[]	[]	[]	[]	False
P.3	15	0	0.0	0.0	[]	[]	[]	[]	False
XBB	14	0	0.0	0.0	[]	[]	[]	[]	False
XBB-parent2	1	0	0.0	0.0	[]	[]	[]	[]	False
XBB.1	3	0	0.0	0.0	[]	[]	[]	[]	False
XBB.1.16	5	0	0.0	0.0	[]	[]	[]	[]	False
XBB.1.5	4	0	0.0	0.0	[]	[]	[]	[]	False
XE	3	0	0.0	0.0	[]	[]	[]	[]	False
XE-parent1	4	0	0.0	0.0	[]	[]	[]	[]	False
