label	n_specific_sites	n_minor_supported_sites	minor_median_af	minor_mean_af	minor_supported_sites	minor_supported_mutations	minor_supported_alt_dp	minor_supported_total_dp	passes_minor_rule
AY.1	8	4	0.3387105	0.30514625	['24410:G', '25469:C', '27638:T', '28461:A']	['24410:G>A', '25469:C>T', '27638:T>C', '28461:A>G']	[120920.0, 58631.0, 130344.0, 14951.0]	[309068.0, 150156.0, 454233.0, 98412.0]	False
B.1.617.2	7	4	0.3387105	0.30514625	['24410:G', '25469:C', '27638:T', '28461:A']	['24410:G>A', '25469:C>T', '27638:T>C', '28461:A>G']	[120920.0, 58631.0, 130344.0, 14951.0]	[309068.0, 150156.0, 454233.0, 98412.0]	False
B.1.617.3	12	2	0.39085400000000003	0.39085400000000003	['24410:G', '27638:T']	['24410:G>A', '27638:T>C']	[120920.0, 58631.0]	[309068.0, 150156.0]	False
B.1.617.1	7	2	0.3390975	0.3390975	['25469:C', '27638:T']	['25469:C>T', '27638:T>C']	[120920.0, 130344.0]	[309068.0, 454233.0]	False
B.1.1.7	21	2	0.1959825	0.1959825	['23709:C', '27972:C']	['23709:C>T', '27972:C>T']	[36828.0, 40897.0]	[161507.0, 249467.0]	False
B.1.621	21	1	0.390467	0.390467	['24410:G']	['24410:G>A']	[58631.0]	[150156.0]	False
BA.1	26	1	0.337606	0.337606	['25000:C']	['25000:C>T']	[32027.0]	[94865.0]	False
BA.2	31	1	0.337606	0.337606	['25000:C']	['25000:C>T']	[32027.0]	[94865.0]	False
BA.4	31	1	0.337606	0.337606	['25000:C']	['25000:C>T']	[32027.0]	[94865.0]	False
BA.5	27	1	0.337606	0.337606	['25000:C']	['25000:C>T']	[32027.0]	[94865.0]	False
XE-parent2	19	1	0.337606	0.337606	['25000:C']	['25000:C>T']	[32027.0]	[94865.0]	False
AY.4.2	3	1	0.187393	0.187393	['22227:C']	['22227:C>T']	[23156.0]	[123569.0]	False
A.23.1	12	0	0.0	0.0	[]	[]	[]	[]	False
AV.1	8	0	0.0	0.0	[]	[]	[]	[]	False
AY.4	17	0	0.0	0.0	[]	[]	[]	[]	False
B.1.1.318	17	0	0.0	0.0	[]	[]	[]	[]	False
B.1.351	12	0	0.0	0.0	[]	[]	[]	[]	False
B.1.427	10	0	0.0	0.0	[]	[]	[]	[]	False
B.1.429	11	0	0.0	0.0	[]	[]	[]	[]	False
B.1.525	17	0	0.0	0.0	[]	[]	[]	[]	False
B.1.526	17	0	0.0	0.0	[]	[]	[]	[]	False
BA.3	20	0	0.0	0.0	[]	[]	[]	[]	False
C.37	12	0	0.0	0.0	[]	[]	[]	[]	False
P.1	14	0	0.0	0.0	[]	[]	[]	[]	False
P.2	6	0	0.0	0.0	[]	[]	[]	[]	False
P.3	15	0	0.0	0.0	[]	[]	[]	[]	False
XBB	14	0	0.0	0.0	[]	[]	[]	[]	False
XBB-parent1	5	0	0.0	0.0	[]	[]	[]	[]	False
XBB-parent2	1	0	0.0	0.0	[]	[]	[]	[]	False
XBB.1	3	0	0.0	0.0	[]	[]	[]	[]	False
XBB.1.16	5	0	0.0	0.0	[]	[]	[]	[]	False
XBB.1.5	4	0	0.0	0.0	[]	[]	[]	[]	False
XE	3	0	0.0	0.0	[]	[]	[]	[]	False
XE-parent1	4	0	0.0	0.0	[]	[]	[]	[]	False
