label	n_specific_sites	n_minor_supported_sites	minor_median_af	minor_mean_af	minor_supported_sites	minor_supported_mutations	minor_supported_alt_dp	minor_supported_total_dp	passes_minor_rule
B.1.1.529	27	4	0.13787549999999998	0.132074	['22992:G', '23013:A', '23525:C', '23948:G']	['22992:G>A', '23013:A>C', '23525:C>T', '23948:G>T']	[7089.0, 7088.0, 3955.0, 6111.0]	[51319.0, 51506.0, 26761.0, 58336.0]	False
AY.1	9	3	0.235481	0.23707533333333333	['22813:G', '25469:C', '28461:A']	['22813:G>T', '25469:C>T', '28461:A>G']	[14560.0, 4577.0, 8271.0]	[61831.0, 29660.0, 25732.0]	False
B.1.1.7	21	2	0.23788	0.23788	['23709:C', '27972:C']	['23709:C>T', '27972:C>T']	[12889.0, 21821.0]	[56600.0, 87974.0]	False
B.1.617.2	9	2	0.1948985	0.1948985	['25469:C', '28461:A']	['25469:C>T', '28461:A>G']	[14560.0, 4577.0]	[61831.0, 29660.0]	False
XBB.1	3	1	0.321429	0.321429	['22813:G']	['22813:G>T']	[8271.0]	[25732.0]	False
B.1.617.1	7	1	0.235481	0.235481	['25469:C']	['25469:C>T']	[14560.0]	[61831.0]	False
B.1.526	18	1	0.137615	0.137615	['22992:G']	['22992:G>A']	[7088.0]	[51506.0]	False
BA.1	26	1	0.113781	0.113781	['11537:A']	['11537:A>G']	[3471.0]	[30506.0]	False
AY.4.2	3	1	0.103144	0.103144	['22227:C']	['22227:C>T']	[6831.0]	[66228.0]	False
A.23.1	12	0	0.0	0.0	[]	[]	[]	[]	False
AV.1	10	0	0.0	0.0	[]	[]	[]	[]	False
AY.4	16	0	0.0	0.0	[]	[]	[]	[]	False
B.1.1.318	19	0	0.0	0.0	[]	[]	[]	[]	False
B.1.351	12	0	0.0	0.0	[]	[]	[]	[]	False
B.1.427	11	0	0.0	0.0	[]	[]	[]	[]	False
B.1.429	12	0	0.0	0.0	[]	[]	[]	[]	False
B.1.525	16	0	0.0	0.0	[]	[]	[]	[]	False
B.1.617.3	12	0	0.0	0.0	[]	[]	[]	[]	False
B.1.621	21	0	0.0	0.0	[]	[]	[]	[]	False
BA.2	31	0	0.0	0.0	[]	[]	[]	[]	False
BA.3	20	0	0.0	0.0	[]	[]	[]	[]	False
BA.4	31	0	0.0	0.0	[]	[]	[]	[]	False
BA.5	27	0	0.0	0.0	[]	[]	[]	[]	False
P.1	14	0	0.0	0.0	[]	[]	[]	[]	False
P.2	6	0	0.0	0.0	[]	[]	[]	[]	False
P.3	14	0	0.0	0.0	[]	[]	[]	[]	False
XBB	13	0	0.0	0.0	[]	[]	[]	[]	False
XBB-parent1	6	0	0.0	0.0	[]	[]	[]	[]	False
XBB-parent2	1	0	0.0	0.0	[]	[]	[]	[]	False
XBB.1.16	5	0	0.0	0.0	[]	[]	[]	[]	False
XBB.1.5	4	0	0.0	0.0	[]	[]	[]	[]	False
XE	3	0	0.0	0.0	[]	[]	[]	[]	False
XE-parent1	4	0	0.0	0.0	[]	[]	[]	[]	False
XE-parent2	19	0	0.0	0.0	[]	[]	[]	[]	False
