label	n_specific_sites	n_minor_supported_sites	minor_median_af	minor_mean_af	minor_supported_sites	minor_supported_mutations	minor_supported_alt_dp	minor_supported_total_dp	passes_minor_rule
AY.1	8	4	0.317112	0.28285575	['24410:G', '25469:C', '27638:T', '28461:A']	['24410:G>A', '25469:C>T', '27638:T>C', '28461:A>G']	[105109.0, 59560.0, 114236.0, 17227.0]	[287539.0, 151203.0, 425180.0, 166781.0]	False
B.1.617.2	7	4	0.317112	0.28285575	['24410:G', '25469:C', '27638:T', '28461:A']	['24410:G>A', '25469:C>T', '27638:T>C', '28461:A>G']	[105109.0, 59560.0, 114236.0, 17227.0]	[287539.0, 151203.0, 425180.0, 166781.0]	False
B.1.617.3	12	2	0.3797275	0.3797275	['24410:G', '27638:T']	['24410:G>A', '27638:T>C']	[105109.0, 59560.0]	[287539.0, 151203.0]	False
B.1.617.1	7	2	0.317112	0.317112	['25469:C', '27638:T']	['25469:C>T', '27638:T>C']	[105109.0, 114236.0]	[287539.0, 425180.0]	False
B.1.1.7	21	2	0.2060515	0.2060515	['23709:C', '27972:C']	['23709:C>T', '27972:C>T']	[46295.0, 37359.0]	[170625.0, 265378.0]	False
B.1.621	21	1	0.393908	0.393908	['24410:G']	['24410:G>A']	[59560.0]	[151203.0]	False
BA.1	26	1	0.333015	0.333015	['25000:C']	['25000:C>T']	[32115.0]	[96437.0]	False
BA.2	31	1	0.333015	0.333015	['25000:C']	['25000:C>T']	[32115.0]	[96437.0]	False
BA.4	31	1	0.333015	0.333015	['25000:C']	['25000:C>T']	[32115.0]	[96437.0]	False
BA.5	27	1	0.333015	0.333015	['25000:C']	['25000:C>T']	[32115.0]	[96437.0]	False
XE-parent2	19	1	0.333015	0.333015	['25000:C']	['25000:C>T']	[32115.0]	[96437.0]	False
AY.4.2	3	1	0.193336	0.193336	['22227:C']	['22227:C>T']	[21914.0]	[113347.0]	False
A.23.1	12	0	0.0	0.0	[]	[]	[]	[]	False
AV.1	8	0	0.0	0.0	[]	[]	[]	[]	False
AY.4	17	0	0.0	0.0	[]	[]	[]	[]	False
B.1.1.318	17	0	0.0	0.0	[]	[]	[]	[]	False
B.1.351	12	0	0.0	0.0	[]	[]	[]	[]	False
B.1.427	10	0	0.0	0.0	[]	[]	[]	[]	False
B.1.429	11	0	0.0	0.0	[]	[]	[]	[]	False
B.1.525	17	0	0.0	0.0	[]	[]	[]	[]	False
B.1.526	17	0	0.0	0.0	[]	[]	[]	[]	False
BA.3	20	0	0.0	0.0	[]	[]	[]	[]	False
C.37	12	0	0.0	0.0	[]	[]	[]	[]	False
P.1	14	0	0.0	0.0	[]	[]	[]	[]	False
P.2	6	0	0.0	0.0	[]	[]	[]	[]	False
P.3	15	0	0.0	0.0	[]	[]	[]	[]	False
XBB	14	0	0.0	0.0	[]	[]	[]	[]	False
XBB-parent1	5	0	0.0	0.0	[]	[]	[]	[]	False
XBB-parent2	1	0	0.0	0.0	[]	[]	[]	[]	False
XBB.1	3	0	0.0	0.0	[]	[]	[]	[]	False
XBB.1.16	5	0	0.0	0.0	[]	[]	[]	[]	False
XBB.1.5	4	0	0.0	0.0	[]	[]	[]	[]	False
XE	3	0	0.0	0.0	[]	[]	[]	[]	False
XE-parent1	4	0	0.0	0.0	[]	[]	[]	[]	False
