label	n_specific_sites	n_minor_supported_sites	minor_median_af	minor_mean_af	minor_supported_sites	minor_supported_mutations	minor_supported_alt_dp	minor_supported_total_dp	passes_minor_rule
AY.1	8	3	0.258543	0.25281166666666666	['24410:G', '25469:C', '28461:A']	['24410:G>A', '25469:C>T', '28461:A>G']	[2841.0, 5909.0, 3513.0]	[7135.0, 22855.0, 34538.0]	False
B.1.617.2	7	3	0.258543	0.25281166666666666	['24410:G', '25469:C', '28461:A']	['24410:G>A', '25469:C>T', '28461:A>G']	[2841.0, 5909.0, 3513.0]	[7135.0, 22855.0, 34538.0]	False
XE-parent2	19	2	0.356776	0.356776	['22775:G', '22786:A']	['22775:G>A', '22786:A>C']	[630.0, 648.0]	[1769.0, 1813.0]	False
B.1.1.7	21	2	0.262435	0.262435	['23709:C', '27972:C']	['23709:C>T', '27972:C>T']	[5016.0, 2749.0]	[20556.0, 9788.0]	False
B.1.617.3	12	1	0.398178	0.398178	['24410:G']	['24410:G>A']	[2841.0]	[7135.0]	False
B.1.621	21	1	0.398178	0.398178	['24410:G']	['24410:G>A']	[2841.0]	[7135.0]	False
BA.2	31	1	0.357419	0.357419	['22775:G']	['22775:G>A']	[648.0]	[1813.0]	False
BA.3	20	1	0.357419	0.357419	['22775:G']	['22775:G>A']	[648.0]	[1813.0]	False
BA.4	31	1	0.357419	0.357419	['22775:G']	['22775:G>A']	[648.0]	[1813.0]	False
BA.5	27	1	0.357419	0.357419	['22775:G']	['22775:G>A']	[648.0]	[1813.0]	False
XBB.1	3	1	0.356133	0.356133	['22786:A']	['22786:A>C']	[630.0]	[1769.0]	False
B.1.617.1	7	1	0.258543	0.258543	['25469:C']	['25469:C>T']	[5909.0]	[22855.0]	False
AY.4.2	3	1	0.176136	0.176136	['22227:C']	['22227:C>T']	[1860.0]	[10560.0]	False
A.23.1	12	0	0.0	0.0	[]	[]	[]	[]	False
AV.1	8	0	0.0	0.0	[]	[]	[]	[]	False
AY.4	17	0	0.0	0.0	[]	[]	[]	[]	False
B.1.1.318	17	0	0.0	0.0	[]	[]	[]	[]	False
B.1.351	12	0	0.0	0.0	[]	[]	[]	[]	False
B.1.427	10	0	0.0	0.0	[]	[]	[]	[]	False
B.1.429	11	0	0.0	0.0	[]	[]	[]	[]	False
B.1.525	17	0	0.0	0.0	[]	[]	[]	[]	False
B.1.526	17	0	0.0	0.0	[]	[]	[]	[]	False
BA.1	26	0	0.0	0.0	[]	[]	[]	[]	False
C.37	12	0	0.0	0.0	[]	[]	[]	[]	False
P.1	14	0	0.0	0.0	[]	[]	[]	[]	False
P.2	6	0	0.0	0.0	[]	[]	[]	[]	False
P.3	15	0	0.0	0.0	[]	[]	[]	[]	False
XBB	14	0	0.0	0.0	[]	[]	[]	[]	False
XBB-parent1	5	0	0.0	0.0	[]	[]	[]	[]	False
XBB-parent2	1	0	0.0	0.0	[]	[]	[]	[]	False
XBB.1.16	5	0	0.0	0.0	[]	[]	[]	[]	False
XBB.1.5	4	0	0.0	0.0	[]	[]	[]	[]	False
XE	3	0	0.0	0.0	[]	[]	[]	[]	False
XE-parent1	4	0	0.0	0.0	[]	[]	[]	[]	False
