label	n_specific_sites	n_minor_supported_sites	minor_median_af	minor_mean_af	minor_supported_sites	minor_supported_mutations	minor_supported_alt_dp	minor_supported_total_dp	passes_minor_rule
AY.1	9	3	0.251267	0.24739066666666668	['22813:G', '25469:C', '28461:A']	['22813:G>T', '25469:C>T', '28461:A>G']	[18588.0, 3349.0, 11093.0]	[73977.0, 25668.0, 30777.0]	False
B.1.1.529	27	3	0.1348	0.14213966666666666	['22992:G', '23013:A', '23948:G']	['22992:G>A', '23013:A>C', '23948:G>T']	[4967.0, 5055.0, 3254.0]	[37347.0, 37500.0, 20514.0]	False
B.1.1.7	21	2	0.249981	0.249981	['23709:C', '27972:C']	['23709:C>T', '27972:C>T']	[11201.0, 12245.0]	[45731.0, 48014.0]	False
B.1.617.2	9	2	0.1908705	0.1908705	['25469:C', '28461:A']	['25469:C>T', '28461:A>G']	[18588.0, 3349.0]	[73977.0, 25668.0]	False
XBB.1	3	1	0.360431	0.360431	['22813:G']	['22813:G>T']	[11093.0]	[30777.0]	False
B.1.617.1	7	1	0.251267	0.251267	['25469:C']	['25469:C>T']	[18588.0]	[73977.0]	False
AY.4.2	3	1	0.19885	0.19885	['22227:C']	['22227:C>T']	[17675.0]	[88886.0]	False
B.1.526	18	1	0.1348	0.1348	['22992:G']	['22992:G>A']	[5055.0]	[37500.0]	False
A.23.1	12	0	0.0	0.0	[]	[]	[]	[]	False
AV.1	10	0	0.0	0.0	[]	[]	[]	[]	False
AY.4	16	0	0.0	0.0	[]	[]	[]	[]	False
B.1.1.318	19	0	0.0	0.0	[]	[]	[]	[]	False
B.1.351	12	0	0.0	0.0	[]	[]	[]	[]	False
B.1.427	11	0	0.0	0.0	[]	[]	[]	[]	False
B.1.429	12	0	0.0	0.0	[]	[]	[]	[]	False
B.1.525	16	0	0.0	0.0	[]	[]	[]	[]	False
B.1.617.3	12	0	0.0	0.0	[]	[]	[]	[]	False
B.1.621	21	0	0.0	0.0	[]	[]	[]	[]	False
BA.1	26	0	0.0	0.0	[]	[]	[]	[]	False
BA.2	31	0	0.0	0.0	[]	[]	[]	[]	False
BA.3	20	0	0.0	0.0	[]	[]	[]	[]	False
BA.4	31	0	0.0	0.0	[]	[]	[]	[]	False
BA.5	27	0	0.0	0.0	[]	[]	[]	[]	False
P.1	14	0	0.0	0.0	[]	[]	[]	[]	False
P.2	6	0	0.0	0.0	[]	[]	[]	[]	False
P.3	14	0	0.0	0.0	[]	[]	[]	[]	False
XBB	13	0	0.0	0.0	[]	[]	[]	[]	False
XBB-parent1	6	0	0.0	0.0	[]	[]	[]	[]	False
XBB-parent2	1	0	0.0	0.0	[]	[]	[]	[]	False
XBB.1.16	5	0	0.0	0.0	[]	[]	[]	[]	False
XBB.1.5	4	0	0.0	0.0	[]	[]	[]	[]	False
XE	3	0	0.0	0.0	[]	[]	[]	[]	False
XE-parent1	4	0	0.0	0.0	[]	[]	[]	[]	False
XE-parent2	19	0	0.0	0.0	[]	[]	[]	[]	False
