lineage	n_defining_sites	n_major_supported	frac_major_supported	major_supported_mutations
B.1.1.529	32	19	0.59375	['10449:C>A', '22578:G>A', '22679:T>C', '22686:C>T', '22882:T>G', '22995:C>A', '23055:A>G', '23075:T>C', '23525:C>T', '23948:G>T', '24424:A>T', '24469:T>A', '26270:C>T', '26577:C>G', '26709:G>A', '27259:A>C', '27807:C>T', '28271:A>T', '28311:C>T']
BA.1	25	13	0.52	['15240:C>T', '21762:C>T', '22673:T>C', '22898:G>A', '23040:A>G', '23048:G>A', '23202:C>A', '24130:C>A', '24503:C>T', '26530:A>G', '2832:A>G', '5386:T>G', '8393:G>A']
XE-parent1	4	3	0.75	['2832:A>G', '5386:T>G', '8393:G>A']
BA.3	9	3	0.3333333333333333	['21762:C>T', '22898:G>A', '23040:A>G']
XBB-parent1	7	2	0.2857142857142857	['22578:G>A', '22898:G>A']
AY.1	8	2	0.25	['22813:G>T', '22995:C>A']
XE	3	1	0.3333333333333333	['5386:T>G']
XBB.1	5	1	0.2	['22813:G>T']
B.1.617.2	7	1	0.14285714285714285	['22995:C>A']
B.1.427	8	1	0.125	['241:C>T']
BA.2	10	1	0.1	['23040:A>G']
AV.1	11	1	0.09090909090909091	['26709:G>A']
C.37	14	1	0.07142857142857142	['28311:C>T']
B.1.526	20	1	0.05	['28311:C>T']
B.1.1.7	21	0	0.0	[]
A.23.1	19	0	0.0	[]
AY.4	18	0	0.0	[]
B.1.1.318	18	0	0.0	[]
B.1.525	18	0	0.0	[]
B.1.621	16	0	0.0	[]
P.3	16	0	0.0	[]
XBB	15	0	0.0	[]
P.1	14	0	0.0	[]
B.1.617.3	12	0	0.0	[]
B.1.351	10	0	0.0	[]
BA.4	10	0	0.0	[]
B.1.429	9	0	0.0	[]
P.2	8	0	0.0	[]
B.1.617.1	7	0	0.0	[]
BA.5	7	0	0.0	[]
XBB.1.16	5	0	0.0	[]
XE-parent2	5	0	0.0	[]
XBB.1.5	4	0	0.0	[]
AY.4.2	3	0	0.0	[]
XBB-parent2	1	0	0.0	[]
