lineage	n_defining_sites	n_major_supported	frac_major_supported	major_supported_mutations
B.1.1.529	32	19	0.59375	['10449:C>A', '21987:G>A', '22578:G>A', '22679:T>C', '22686:C>T', '22995:C>A', '23055:A>G', '23075:T>C', '23525:C>T', '23948:G>T', '24424:A>T', '24469:T>A', '26270:C>T', '26577:C>G', '26709:G>A', '27259:A>C', '27807:C>T', '28271:A>T', '28311:C>T']
BA.2	10	7	0.7	['10198:C>T', '23040:A>G', '27382:G>C', '27383:A>T', '4321:C>T', '9424:A>G', '9866:C>T']
BA.4	10	4	0.4	['10198:C>T', '27382:G>C', '27383:A>T', '4321:C>T']
XE-parent2	5	2	0.4	['27382:G>C', '27383:A>T']
B.1.617.2	7	2	0.2857142857142857	['21987:G>A', '22995:C>A']
BA.5	7	2	0.2857142857142857	['10198:C>T', '4321:C>T']
AY.1	8	2	0.25	['22813:G>T', '22995:C>A']
AV.1	11	2	0.18181818181818182	['21987:G>A', '26709:G>A']
XBB.1	5	1	0.2	['22813:G>T']
XBB-parent1	7	1	0.14285714285714285	['22578:G>A']
B.1.427	8	1	0.125	['241:C>T']
BA.3	9	1	0.1111111111111111	['23040:A>G']
B.1.617.3	12	1	0.08333333333333333	['27384:T>C']
C.37	14	1	0.07142857142857142	['28311:C>T']
B.1.526	20	1	0.05	['28311:C>T']
BA.1	25	1	0.04	['23040:A>G']
B.1.1.7	21	0	0.0	[]
A.23.1	19	0	0.0	[]
AY.4	18	0	0.0	[]
B.1.1.318	18	0	0.0	[]
B.1.525	18	0	0.0	[]
B.1.621	16	0	0.0	[]
P.3	16	0	0.0	[]
XBB	15	0	0.0	[]
P.1	14	0	0.0	[]
B.1.351	10	0	0.0	[]
B.1.429	9	0	0.0	[]
P.2	8	0	0.0	[]
B.1.617.1	7	0	0.0	[]
XBB.1.16	5	0	0.0	[]
XBB.1.5	4	0	0.0	[]
XE-parent1	4	0	0.0	[]
AY.4.2	3	0	0.0	[]
XE	3	0	0.0	[]
XBB-parent2	1	0	0.0	[]
