lineage	n_defining_sites	n_major_supported	frac_major_supported	major_supported_mutations
P.1	14	8	0.5714285714285714	['12778:C>T', '21621:C>A', '21638:C>T', '28167:G>A', '28512:C>G', '3828:C>T', '5648:A>C', '733:T>C']
B.1.427	8	1	0.125	['241:C>T']
P.3	16	1	0.0625	['25088:G>T']
A.23.1	19	1	0.05263157894736842	['28167:G>A']
B.1.1.529	32	1	0.03125	['23525:C>T']
BA.1	25	0	0.0	[]
B.1.1.7	21	0	0.0	[]
B.1.526	20	0	0.0	[]
AY.4	18	0	0.0	[]
B.1.1.318	18	0	0.0	[]
B.1.525	18	0	0.0	[]
B.1.621	16	0	0.0	[]
XBB	15	0	0.0	[]
C.37	14	0	0.0	[]
B.1.617.3	12	0	0.0	[]
AV.1	11	0	0.0	[]
B.1.351	10	0	0.0	[]
BA.2	10	0	0.0	[]
BA.4	10	0	0.0	[]
B.1.429	9	0	0.0	[]
BA.3	9	0	0.0	[]
AY.1	8	0	0.0	[]
P.2	8	0	0.0	[]
B.1.617.1	7	0	0.0	[]
B.1.617.2	7	0	0.0	[]
BA.5	7	0	0.0	[]
XBB-parent1	7	0	0.0	[]
XBB.1	5	0	0.0	[]
XBB.1.16	5	0	0.0	[]
XE-parent2	5	0	0.0	[]
XBB.1.5	4	0	0.0	[]
XE-parent1	4	0	0.0	[]
AY.4.2	3	0	0.0	[]
XE	3	0	0.0	[]
XBB-parent2	1	0	0.0	[]
